plan_id,gfa_m2,included_space_count
6522,20.04896572,4
13281,20.40328925,5
13733,20.41934095,4
13197,21.11469646,5
14146,21.49405864,4
12012,21.5200355,4
9312,21.56924903,3
14926,21.81078627,3
10354,22.18375869,3
13436,22.47195985,5
3240,22.83680302,3
12007,22.90412696,4
8395,23.04137451,4
1244,23.1238163,4
1789,23.16843224,4
8299,23.21565775,3
7067,23.28455828,4
8269,23.34860984,3
8396,23.37005974,4
12008,23.45329619,4
1767,23.49312821,4
3103,23.78364261,4
3651,23.94987854,4
7918,23.99469429,1
14021,24.39246574,2
14927,24.44392628,4
1902,24.58908274,4
13538,24.62105287,4
11023,24.83969468,1
10741,24.8557817,5
14937,24.86231697,4
4787,24.96700014,4
9231,25.00552497,4
20021,25.09959427,4
925,25.25032942,4
13113,25.29040796,4
14310,25.29636106,3
13023,25.40084673,4
14313,25.7068014,6
5016,25.74284972,2
11319,25.80012568,4
8397,25.87237373,5
11615,25.89353502,6
11051,25.98937336,5
13530,26.36037518,5
11027,26.38804965,4
1018,26.38965829,2
8060,26.42135018,2
14440,26.52497345,4
14438,26.5493636,4
1838,26.64115337,4
13022,26.69205525,4
4786,26.70659932,4
12217,26.76220227,4
10282,26.81281449,4
11320,26.82275792,4
11063,26.8232065,4
929,26.87106955,5
13638,26.92412343,4
7714,26.95174319,3
13181,27.07148978,4
13278,27.12460986,4
13647,27.22004332,4
14384,27.53437342,4
10740,27.54600909,5
3136,27.55783291,5
5505,27.74047304,1
13167,27.74829619,4
14928,27.82197069,4
12146,27.95006663,3
627,27.96567779,6
5890,28.02551033,5
1854,28.04459352,4
6324,28.05250245,2
4623,28.07024937,5
9492,28.32884682,4
4542,28.33219336,4
3137,28.35770467,4
4006,28.39689805,3
904,28.46273066,3
4010,28.55584422,7
10359,28.61254625,3
13254,28.78246709,5
865,28.78299856,4
7696,28.83703484,4
476,28.92762205,3
11026,29.02735843,2
14050,29.04886929,4
13083,29.05579308,4
12135,29.10014327,4
3721,29.28706154,3
12534,29.29850583,5
534,29.30505279,3
6556,29.33968829,3
39,29.36104425,4
6655,29.36561395,5
11020,29.43771127,4
5133,29.45732734,3
10220,29.56621395,3
20068,29.58048822,4
13769,29.6734797,4
12073,29.68386684,5
3722,29.76356444,3
14936,29.85703264,4
14929,30.04656317,5
1144,30.07445182,5
13842,30.15654982,5
2196,30.22604479,5
9300,30.26091625,5
5539,30.26387109,3
12030,30.28032975,6
10549,30.29003385,4
232,30.31278789,4
10739,30.58092907,4
4706,30.59077467,3
14222,30.5996403,4
10738,30.6344522,4
14128,30.64123353,5
3720,30.64543767,3
5640,30.75940086,3
10469,30.78265817,3
13640,30.79761359,4
12757,30.8145965,6
12584,30.93452351,5
11025,30.9856526,2
1654,31.06740834,5
11557,31.09389339,5
1384,31.23450734,5
1316,31.27800845,6
1875,31.44620313,5
11271,31.50647043,4
11854,31.59270542,5
13827,31.75605679,5
6337,31.81949997,5
11578,31.82927089,5
14931,31.87344957,6
6187,31.90027577,5
12845,31.93772152,5
12578,32.00971296,5
1833,32.06988804,4
10366,32.07821569,4
13019,32.09074099,5
12536,32.09256773,5
12289,32.10837419,4
1842,32.12534749,4
11411,32.1301206,5
1855,32.27835663,4
12202,32.33686836,3
13195,32.41784816,5
789,32.50152939,5
1706,32.53559989,6
7838,32.54515118,4
5617,32.88419909,4
1740,32.89066853,5
7744,32.90905488,5
5575,32.93984185,5
12167,32.96614363,6
14236,32.98666929,5
9035,32.9888369,4
10728,33.07566077,4
12121,33.07808066,5
377,33.16509085,4
11171,33.26248508,5
1829,33.33076079,4
12535,33.41642012,5
11172,33.45597839,5
1845,33.48558339,4
11169,33.55627258,5
7686,33.6032062,4
1848,33.60878552,4
10127,33.7190566,5
12082,33.73620673,4
6347,33.79296318,4
1765,34.01996157,6
11004,34.03756874,5
12200,34.08631458,4
502,34.11825734,6
2117,34.17960317,4
12059,34.22456316,4
9881,34.33769634,4
12145,34.37161926,6
1683,34.40561264,7
13774,34.50999709,2
2036,34.55753464,5
11691,34.59099352,4
9439,34.79168063,4
11002,34.86786343,5
239,34.8903077,4
748,34.97295659,5
10010,35.03427765,3
6414,35.03999724,6
2200,35.14685928,4
3809,35.20630427,4
8308,35.21395685,4
6595,35.21681478,4
10487,35.27354296,6
12851,35.39398637,4
12231,35.42967716,5
10348,35.46197312,4
11014,35.50873811,5
1754,35.61988222,5
6212,35.73444418,4
11005,35.85772249,5
9837,35.91776105,5
14494,35.92997264,7
9479,35.97215513,7
13161,36.01875335,5
13220,36.05362515,4
12676,36.0716882,4
3551,36.17002565,6
14258,36.26731738,4
12245,36.33926956,5
2052,36.34666308,4
9629,36.37005783,5
9677,36.39039454,5
11007,36.45784052,3
11374,36.4613946,5
3766,36.50899185,4
11012,36.54042102,4
5058,36.59921171,5
14333,36.61689032,5
7893,36.61766736,5
6289,36.63466615,3
11008,36.64222876,4
11176,36.7130188,6
13362,36.82188622,5
11173,36.89694676,5
10080,36.91508509,6
13859,37.00980181,5
1320,37.02533795,5
14938,37.04258074,7
3926,37.05780026,4
10070,37.09036309,3
10782,37.17155342,6
14051,37.19779024,4
10404,37.27049378,6
11009,37.31779414,5
3614,37.35215787,5
13168,37.46423866,6
5810,37.481574,4
10736,37.52025438,6
11016,37.56223668,5
3781,37.58841979,7
11177,37.60010968,5
1569,37.67498598,6
6452,37.70828229,5
9018,37.76852686,5
12969,37.95094207,4
1364,38.02362419,6
3854,38.05742324,5
9822,38.08235938,5
3132,38.15490019,6
13301,38.19912078,6
11021,38.21519228,3
3737,38.24208043,4
11019,38.26612408,3
10749,38.28282665,6
1712,38.3073378,5
1104,38.39522574,6
6672,38.4809106,5
10548,38.65062662,5
5147,38.67571978,5
8413,38.68168538,4
12022,38.84405943,5
11485,38.87037326,7
12062,38.98772328,3
6558,39.00429629,4
5845,39.05133154,7
20125,39.13890257,6
10182,39.20013366,5
11006,39.24256216,5
1611,39.34217402,5
619,39.44997673,4
10113,39.528679,4
2,39.54394883,5
12672,39.60566022,5
12214,39.63885698,5
11718,39.7060658,4
11017,39.71765537,5
7790,39.91989408,4
13839,39.94053912,5
6660,39.94972606,4
2143,39.97007144,4
14935,40.05216398,7
8151,40.06937734,4
3637,40.29395499,5
4690,40.2985712,3
1331,40.34827161,4
6307,40.38576714,4
6464,40.39262711,4
3516,40.43048186,7
11875,40.56528695,6
1839,40.57972069,6
958,40.61139635,5
8091,40.62672845,4
12103,40.68249088,4
7550,40.79880406,5
10028,40.8224925,4
8127,40.82545622,7
9038,40.87780367,2
11084,40.91454554,5
11015,41.00557328,5
3134,41.10062498,9
20085,41.10639598,5
12403,41.11509986,6
708,41.12819457,5
8205,41.14379522,4
12125,41.26688633,4
13319,41.26980473,6
14103,41.34662446,6
1596,41.39638555,6
13094,41.44788917,5
11303,41.47035775,5
3503,41.47134154,5
11180,41.5429727,6
8310,41.56662156,5
10685,41.58096041,6
14484,41.59436995,5
3133,41.60455059,8
393,41.62387728,3
9207,41.64216232,2
793,41.64510792,7
10251,41.6625496,8
11678,41.69639836,5
6462,41.7397347,6
10112,41.74115901,6
11841,41.75340034,6
5668,41.76857827,5
12241,41.88270847,5
14311,41.9070789,5
10368,41.98291584,4
11810,41.99596886,4
9232,42.02311263,5
12852,42.02753473,6
1953,42.06580875,6
13120,42.1064837,7
703,42.17836189,7
14648,42.19455139,7
10638,42.26460582,4
11975,42.27685637,5
14197,42.28820791,6
58,42.30260803,6
7805,42.30598451,4
12483,42.33803272,6
4788,42.40668901,6
11772,42.43579377,5
14546,42.44129494,4
11919,42.44319736,5
10020,42.44704592,6
5014,42.52983396,5
188,42.53211419,4
12943,42.56575169,6
1089,42.57842666,7
9422,42.67831995,4
12787,42.690371,6
11947,42.74125001,6
9630,42.74799569,5
1141,42.85124045,7
3624,42.91250679,4
6709,42.91493886,4
11697,42.95389099,5
10096,42.97886968,5
13771,43.02252449,5
1439,43.03561003,5
12830,43.06231101,6
3598,43.06331245,5
13279,43.10972072,6
9042,43.21291109,6
1746,43.25157114,5
12035,43.37479556,5
12806,43.38503921,6
10565,43.39134832,6
14965,43.39220464,4
2030,43.40053571,5
498,43.43390991,9
11452,43.43441309,7
6074,43.44073634,6
7754,43.46614238,6
14312,43.5009997,5
9295,43.52950273,5
2142,43.53020759,5
10584,43.569815,4
10639,43.58896664,4
14725,43.59052434,7
3530,43.61784717,4
14759,43.79326578,4
6280,43.80358278,6
2037,43.87087839,6
7571,43.92750475,5
11022,43.92854633,3
2177,43.94990117,8
1954,44.01358435,5
4025,44.02937597,7
14622,44.06077381,5
1879,44.07033583,5
10045,44.09730277,6
12153,44.10466759,4
12641,44.11185149,4
12913,44.20028257,4
13795,44.24331012,6
4530,44.2520308,5
9564,44.32398157,7
2032,44.39097136,6
14314,44.44767736,5
13501,44.46353324,6
10440,44.48344548,7
14437,44.5027907,6
12939,44.50314322,9
9742,44.75564265,5
14888,44.76225527,6
294,44.91603749,7
10158,44.9477867,5
11272,44.9596921,4
9540,44.99756875,4
4865,45.0491207,4
11746,45.13503852,7
8184,45.17867543,5
10669,45.19510191,6
10692,45.27277311,7
13720,45.28016169,7
3097,45.2947428,5
10553,45.36397855,5
435,45.36659423,6
11024,45.45150269,3
2149,45.47198824,6
10414,45.53298438,6
1471,45.55043761,5
1660,45.60059624,5
14403,45.67401777,8
1844,45.71508322,6
10746,45.75307271,6
11152,45.76830208,5
1570,45.84675943,5
312,45.84788249,4
11028,45.89285635,3
6165,45.93764815,5
10395,45.95986823,4
12710,45.97919953,5
6453,45.99949667,5
641,46.08137753,4
13422,46.11988185,5
1949,46.12250127,5
1837,46.14530706,6
10306,46.19747442,5
11802,46.1979385,6
10640,46.30713676,7
8535,46.31251971,6
1856,46.35038535,7
12616,46.37112581,6
1859,46.37779145,6
1732,46.39417657,5
2090,46.43680508,5
5741,46.60190322,6
8029,46.61681582,4
8736,46.6168414,8
3,46.69884273,4
14190,46.71586559,6
4039,46.74633299,5
11168,46.75329692,5
2519,46.80236321,7
13169,46.85772475,5
8224,47.02457658,5
13761,47.05921687,5
2107,47.2478054,7
11018,47.39593149,3
3875,47.47297274,4
2069,47.52067272,7
12859,47.56341082,6
4680,47.59121796,7
13204,47.65963661,5
11118,47.7008938,5
1647,47.71068565,6
1737,47.76708905,6
5602,47.79178644,4
3937,47.8118409,6
14445,47.87325478,6
14358,47.90229349,6
10497,47.96150601,6
8744,47.98382867,4
6348,48.01636808,6
6006,48.0200709,7
9140,48.02277906,7
14038,48.05698296,7
8164,48.13547592,6
20088,48.27046361,6
9417,48.36137861,5
13500,48.37750218,6
7767,48.41500807,5
6733,48.51529496,6
14420,48.52242227,6
6148,48.52723395,6
13516,48.55725933,6
20074,48.56215415,7
11046,48.60639008,8
199,48.63988193,5
738,48.65195522,5
1514,48.70758093,7
3043,48.84984689,5
12425,48.91757084,9
11602,49.03815843,7
3566,49.04089653,6
4866,49.09626507,6
13781,49.12454038,6
10690,49.15313912,8
221,49.19116495,6
9093,49.24129604,5
10075,49.24505048,6
12575,49.26947472,6
13373,49.27281862,6
14331,49.30934117,5
6456,49.42950687,6
10217,49.4686647,6
20101,49.47751467,3
8791,49.48512593,7
14308,49.50323911,6
11174,49.52740312,5
9633,49.54840092,4
1461,49.64928415,6
13525,49.65348434,9
12581,49.73336123,5
13680,49.78192341,5
10311,49.80013653,6
9805,49.84322633,8
1644,49.87806914,5
12227,49.87815307,5
9132,49.89847662,6
6550,49.90499965,5
10526,49.92557284,5
10547,49.94774187,5
9505,49.99238457,6
1184,50.00695074,6
10298,50.01481744,8
14326,50.02065241,5
10737,50.07002923,7
12229,50.12962171,6
4529,50.14088128,7
959,50.14564205,5
11656,50.1836874,6
10018,50.28548008,7
4842,50.29452264,7
157,50.3009041,8
14749,50.31720679,8
2148,50.38576287,4
5703,50.40401784,5
14715,50.56358812,5
10179,50.62451007,5
12617,50.63628096,6
9247,50.63727954,7
3925,50.66128506,6
14758,50.6649861,8
11013,50.70512723,6
9689,50.70599305,6
12093,50.72900228,7
3898,50.77203226,5
20168,50.83489727,5
12748,50.84645219,7
10539,50.89873195,5
14424,50.99469791,6
9483,51.01462461,9
10478,51.06120697,6
8369,51.07824478,5
12586,51.12690716,5
8323,51.1503337,7
10711,51.16160281,6
13249,51.20265257,6
10576,51.21000137,6
7063,51.21552815,6
7095,51.25242349,8
1525,51.28233252,4
9591,51.34728783,7
7553,51.36438593,6
10662,51.39061424,8
13708,51.44283373,6
10580,51.44412687,7
9219,51.52367061,7
4586,51.53282324,4
11010,51.54481821,5
14120,51.54563822,5
20001,51.59348336,5
9678,51.59651382,6
9134,51.63988801,5
13372,51.6863606,6
12192,51.71240117,6
8822,51.73241994,6
10350,51.76410262,7
8154,51.76597703,8
6735,51.8467925,6
11384,51.85740976,4
11108,51.97597541,7
14409,51.98149076,6
8321,51.98448702,7
10019,51.98769195,4
10280,51.99165685,6
13261,51.99738769,5
10614,51.99811501,5
1193,52.00365931,7
4748,52.06025453,3
4635,52.0941251,9
10540,52.09526482,5
13648,52.09684015,6
6369,52.14532683,7
13201,52.15926347,5
11479,52.20985888,7
14757,52.22869848,9
13315,52.24201752,8
3032,52.24542494,7
9424,52.30458805,8
333,52.32895572,8
20028,52.35880635,5
651,52.36957552,5
12579,52.45533638,5
10135,52.47530706,5
9602,52.5165848,6
12956,52.5382863,6
11638,52.5477245,7
8150,52.55955685,4
948,52.58012209,5
13052,52.64815788,5
14750,52.67541691,7
10787,52.72915134,6
6297,52.73619653,6
11001,52.77471148,7
6352,52.83044549,5
14793,52.83896975,6
6450,52.85236571,6
13580,52.88611838,6
130,52.92368059,6
13312,52.93975777,6
13474,52.94791649,6
4831,53.07543842,9
11096,53.07546355,5
11011,53.07549314,4
6642,53.13099391,8
11639,53.15183296,6
11098,53.15415834,6
12677,53.19048823,5
8238,53.19643112,7
410,53.21445639,7
6483,53.22058481,8
14765,53.24525739,5
1923,53.25226141,6
7666,53.25403798,5
1797,53.26009863,6
7048,53.29467793,6
14753,53.32450928,5
14747,53.33296615,8
9534,53.36275896,6
11101,53.37978461,6
11860,53.45670311,6
12284,53.48449452,6
14955,53.48625141,6
11964,53.51381026,6
14752,53.61547543,7
9019,53.63490461,4
10062,53.64763657,6
11237,53.65136752,6
9640,53.67781384,6
3135,53.70900025,8
5540,53.75710671,5
392,53.7586843,6
13794,53.7791076,6
11066,53.79373349,8
13354,53.81595058,8
8465,53.85971242,8
3124,53.9089626,8
12281,53.94672669,7
3869,53.99322255,7
3874,54.00465746,6
858,54.01116521,4
10153,54.02353551,5
8509,54.05151587,4
4726,54.07976663,5
12582,54.09064856,5
13722,54.10564062,7
7842,54.12454268,5
1338,54.163845,8
14413,54.26889918,4
12860,54.33039137,6
6671,54.40388952,6
1079,54.50621729,5
4528,54.52293715,7
13502,54.54708134,6
193,54.55596697,4
13292,54.60511519,6
3676,54.60573278,5
6149,54.64464314,6
14746,54.67888445,8
2035,54.76910969,6
13226,54.81562694,8
11003,54.82633257,7
242,54.87070949,5
12576,54.92947765,6
13607,54.99540807,8
8681,55.03281706,5
1293,55.04434972,5
3256,55.05665806,7
5028,55.10131353,5
20058,55.13024053,9
882,55.13523004,5
7065,55.17318831,7
12527,55.1748553,6
3778,55.19949061,5
3570,55.2290806,6
10415,55.27934498,8
9054,55.28645845,7
14065,55.3112099,7
12482,55.3403899,4
12162,55.38774026,6
11261,55.41459004,8
9348,55.46320308,7
11530,55.4637694,6
8721,55.54132833,5
9228,55.55170838,6
12821,55.55413056,5
3989,55.55553588,6
14763,55.5722747,6
10757,55.60607673,7
13736,55.6379831,4
5691,55.68537492,6
11304,55.76070604,6
8471,55.83425602,8
715,55.87015956,8
10266,55.89388983,6
14477,55.91833416,8
3528,55.92443122,7
5034,55.96429069,5
14402,55.98580138,5
6072,56.02761074,7
678,56.13685616,8
2194,56.1639306,5
13589,56.16839485,7
10353,56.20682291,7
3961,56.21878354,5
12786,56.22642701,7
6305,56.28459685,6
10770,56.31641554,6
14500,56.3279899,7
3660,56.34119652,4
3080,56.36916049,6
8207,56.49726363,6
12966,56.49861255,6
103,56.50104107,6
6514,56.6302138,5
931,56.65664157,7
8745,56.66850325,6
11494,56.70617038,8
2145,56.87697884,6
14095,56.89413459,7
13767,56.91474405,8
10369,56.92751404,8
4971,56.93698149,6
13073,56.97785823,6
6523,57.0062457,6
1565,57.03860701,5
12879,57.13836529,5
6332,57.13919172,6
5836,57.20329042,6
6296,57.20329042,6
7768,57.20494651,6
14328,57.28318466,7
13623,57.33938073,6
10196,57.38492019,5
12580,57.45101775,5
8407,57.45778455,6
1308,57.45812389,8
1853,57.46714626,7
10291,57.49051783,5
12761,57.504615,6
10315,57.53653788,7
8021,57.53820115,7
11442,57.56158439,6
11931,57.61665147,6
11774,57.65293082,6
8719,57.6781155,5
8230,57.7147478,6
522,57.78184799,6
6681,57.79850479,6
10224,57.84270039,6
12841,57.99615247,9
6182,58.00424763,7
3873,58.00443629,6
10510,58.0113581,8
8028,58.01238407,8
1323,58.04232095,7
6262,58.07305424,6
12212,58.07312263,7
4739,58.10018155,7
11932,58.11203933,6
14404,58.12521846,8
1877,58.15908829,6
12213,58.16681978,7
148,58.17218646,6
14638,58.17601341,7
12573,58.226613,5
20188,58.24475877,5
14605,58.27478674,7
13573,58.30481354,7
4868,58.42233579,6
10186,58.43700076,6
20097,58.4512946,7
12585,58.45559727,5
10572,58.48979148,7
13100,58.61376206,7
3510,58.61463581,7
1105,58.63161429,6
12119,58.65459777,8
1916,58.69231915,5
11224,58.70564853,6
6367,58.76206936,4
2059,58.78044625,7
9937,58.79830064,6
935,58.83188803,8
1847,58.85470162,7
14029,58.92790371,8
20035,58.93922165,7
8225,58.95923343,6
5742,58.99756368,10
1106,59.0273264,7
6349,59.03336848,6
5901,59.03870298,5
14649,59.10617435,6
1547,59.11812388,5
11327,59.14619749,2
73,59.1479348,5
11409,59.18342051,4
275,59.20987442,5
14755,59.26213695,8
11144,59.28500288,5
1858,59.3062796,7
12574,59.30773234,5
2031,59.3098037,6
9709,59.37932444,7
47,59.4235739,5
8121,59.46459319,6
11512,59.48479236,4
7673,59.52216358,5
11091,59.55345609,6
5920,59.61263514,8
1841,59.64317093,7
4903,59.64895542,8
11694,59.65190014,6
7710,59.66723738,5
8421,59.74425207,6
162,59.77600636,7
9803,59.7942224,5
11186,59.84215564,5
11727,59.8625414,6
11390,59.94708331,7
1020,59.95181569,4
11866,59.9575069,10
271,60.03637789,5
8737,60.03836685,6
4829,60.06502384,10
4906,60.08834021,8
2504,60.11170845,8
6272,60.13290637,8
4912,60.13452611,8
10479,60.29068587,9
6507,60.3526063,6
4956,60.36142354,6
5679,60.4825325,7
4607,60.48985224,4
3733,60.50104983,6
8356,60.576222,4
14892,60.58618255,4
9333,60.6245032,6
3701,60.67283941,5
8431,60.69669316,7
14156,60.76986113,5
6320,60.78921829,5
8033,60.83867312,8
1836,60.83928442,7
14024,60.86995517,8
14575,60.90142937,5
11564,60.94137348,8
13702,60.95568526,7
12027,60.95889384,8
5102,60.98944946,6
13251,60.99927664,9
2528,61.01709533,5
1850,61.05229184,7
8809,61.059335,6
11132,61.09121319,8
8560,61.09544251,8
98,61.10665112,5
13300,61.1567579,6
13814,61.2278087,7
991,61.23577073,4
9027,61.29402572,6
8430,61.29669642,7
8690,61.32532298,6
12501,61.34804192,6
12804,61.45978574,9
3871,61.50738962,5
5138,61.53188613,5
13409,61.55432159,5
10756,61.56688763,6
3838,61.66037864,3
8246,61.73079949,4
11642,61.78529816,6
12413,61.78817943,8
11551,61.8313441,8
5797,61.86462622,5
5932,61.91003778,5
803,61.94160862,7
6572,61.9553233,5
3872,62.01426291,8
7547,62.02562052,4
6665,62.03297823,6
530,62.04009194,4
956,62.11407326,7
6274,62.13839184,6
9342,62.14412709,6
14840,62.18170438,6
11182,62.18859644,6
395,62.28106044,8
7712,62.3019792,6
12668,62.31877552,5
11520,62.34218325,5
12244,62.35012194,7
10519,62.36664763,3
14766,62.36923508,7
693,62.38030757,6
10581,62.38844127,6
11218,62.39487382,6
11878,62.45282238,6
14228,62.47462439,7
3078,62.47614389,7
7014,62.52547934,8
13257,62.5674968,6
11800,62.57274804,5
11412,62.57587237,6
5903,62.58733962,6
11201,62.62956284,9
12201,62.64356014,7
12906,62.65079146,5
10779,62.67394703,6
7853,62.68386623,6
11921,62.73121293,5
6334,62.76530026,5
1241,62.78379531,8
13306,62.78589448,7
14665,62.78748512,6
7625,62.88026994,6
11380,62.89494222,7
1601,62.93806971,6
9888,62.93849201,6
13688,63.0034377,4
14887,63.01012361,6
8358,63.03756623,7
5639,63.05959568,7
1067,63.07406396,8
11079,63.09741826,6
12019,63.10560784,8
11696,63.10681434,5
4907,63.11529851,6
9416,63.13002818,5
12545,63.16690444,8
4501,63.16814393,6
14640,63.18165211,5
655,63.20448542,7
1231,63.26278683,8
9269,63.26527541,6
14346,63.28547351,7
14533,63.28699916,7
13730,63.38100018,7
12886,63.40256892,7
20022,63.41550383,9
9849,63.45321919,7
7080,63.48812328,6
20063,63.53648269,3
12718,63.55148673,6
885,63.56269237,7
6259,63.5880882,7
172,63.61048693,8
11359,63.63236345,10
14395,63.63912809,7
10715,63.64968595,7
13071,63.65680041,7
3671,63.66634897,6
13579,63.67333231,6
6044,63.74412208,9
1306,63.74955898,8
14777,63.77793178,7
10381,63.79067541,5
14923,63.83824366,8
3245,63.84001494,6
9116,63.89341002,8
13549,63.92056421,4
11248,63.93149198,9
6724,63.95793931,9
12541,63.96833644,8
1029,63.98219016,8
12273,64.00364393,8
12678,64.02201403,7
11693,64.15140174,7
5586,64.19102207,6
9964,64.19266357,10
12216,64.25503947,6
9000,64.27958636,4
1194,64.31829801,8
13645,64.39330608,6
11766,64.41714107,11
3115,64.4392715,6
12142,64.45684656,8
7532,64.46486231,6
10230,64.5069198,9
6257,64.55649827,8
10428,64.56592815,7
11957,64.5746603,6
14781,64.57712368,5
14041,64.5870447,6
9002,64.6387292,9
8660,64.64818327,6
241,64.65522883,6
12198,64.66054569,7
20147,64.66593959,8
4592,64.67861296,5
1164,64.696368,6
3801,64.6994235,7
546,64.72381525,4
150,64.73354777,6
1622,64.75028189,6
4649,64.77340762,7
13325,64.81604923,6
1840,64.81771253,9
12234,64.85890667,7
1843,64.89863615,9
8218,64.9189262,8
7854,64.92658844,6
12707,64.94303558,6
1641,64.95032937,7
1851,64.9551228,9
621,64.97354978,8
12563,64.99542488,6
9489,65.03467744,5
448,65.04968841,8
7534,65.08545837,8
11851,65.09242575,6
9886,65.11504617,7
11554,65.13224645,5
6030,65.14872372,8
12700,65.21907193,6
10424,65.24158352,5
4617,65.2826791,8
11525,65.29463659,9
13837,65.310361,9
507,65.31406912,8
11892,65.32852147,6
13697,65.33001099,10
10762,65.35416442,7
18,65.36324345,7
13284,65.38606868,7
11815,65.42485985,5
1834,65.46888736,9
1888,65.48347927,6
14293,65.48539346,6
14097,65.49925532,7
1166,65.50467447,5
1945,65.59692392,7
6286,65.60372638,5
11345,65.61032132,8
9590,65.63740053,5
4993,65.66524154,6
3520,65.7434359,5
7105,65.74622516,9
14762,65.75820576,8
13807,65.80431219,6
4974,65.8281389,5
11852,65.83678096,8
13812,65.84108928,6
4724,65.91437923,5
3181,65.92765486,8
2105,65.99353435,11
4044,65.99545098,7
12599,66.00617835,6
20023,66.06842656,9
1886,66.07046733,5
11927,66.08115583,4
674,66.08740087,6
9209,66.11929886,6
13357,66.12900447,5
11779,66.13729402,9
3656,66.15908827,7
1478,66.16299279,6
10167,66.18608652,7
7689,66.22586493,8
3933,66.22986357,5
9031,66.23886336,6
1815,66.24235714,8
13483,66.24414039,7
11896,66.28566133,6
13397,66.29942853,7
3182,66.31261908,7
9554,66.32001601,4
12158,66.3530129,9
8138,66.35361765,6
14797,66.36470166,11
9121,66.39913294,6
10271,66.43107992,3
10083,66.44372451,4
1523,66.44740596,7
5770,66.4522559,5
1974,66.47358768,10
9971,66.47545279,10
10422,66.47806987,5
1857,66.48339946,8
11722,66.48815975,7
20107,66.57723417,8
1041,66.69819179,7
5615,66.71106493,4
7034,66.71340919,9
3844,66.72416426,6
8381,66.75920458,5
2075,66.78020738,6
1351,66.86756137,7
13817,66.87176977,9
1921,66.88342878,8
8750,66.89421536,7
12247,66.9097465,6
12222,66.98537191,7
7607,67.01445992,7
7523,67.02810349,5
9154,67.06284811,6
13737,67.06327814,6
10262,67.10767817,5
1936,67.10917267,7
5923,67.1553108,3
12734,67.1932602,8
10595,67.19554707,9
84,67.19554808,7
11282,67.20048568,7
7650,67.21415715,6
7715,67.30462063,8
11773,67.31469925,7
11606,67.31778568,8
749,67.31889867,5
7103,67.41268942,5
7835,67.43488931,6
7050,67.44084273,8
3776,67.47383872,6
13727,67.50496784,7
1846,67.50705375,9
10159,67.51962886,7
10777,67.5399531,8
20060,67.57804775,7
9897,67.59128602,5
13426,67.59821079,4
8059,67.62009838,6
20038,67.6508638,6
13305,67.70305383,6
11300,67.74069588,5
14267,67.78692066,5
6545,67.82855609,8
6427,67.90005424,7
14754,67.90758619,5
14736,67.92903358,6
8079,67.96499264,5
12206,67.98828735,5
4579,68.0000809,6
8805,68.0142131,5
1503,68.01819819,5
6047,68.08697495,7
10170,68.08886595,7
14706,68.15884353,8
5759,68.19889565,5
13689,68.19943712,5
12698,68.20296587,7
13031,68.20386919,7
3594,68.21622061,6
10457,68.24812303,9
772,68.24933051,7
6537,68.24942149,6
6388,68.2566153,5
10352,68.26251081,10
832,68.26384686,11
14647,68.27366534,7
13556,68.2887447,8
14145,68.30364774,8
8072,68.34192902,6
10161,68.37825327,7
3531,68.39135976,6
1168,68.46017159,6
3102,68.48527738,7
14538,68.51989941,8
7787,68.52084309,7
9453,68.57563495,9
13081,68.57851301,8
12020,68.58545584,7
7809,68.60162869,8
12208,68.68330593,8
11555,68.6891158,6
12150,68.77930914,7
3782,68.7819923,6
6394,68.81254923,6
11268,68.81404444,6
10034,68.8641311,6
930,68.9257607,6
12209,68.94618135,8
10378,68.96144362,7
14074,68.97474854,8
9318,68.97806843,10
30,68.97832389,5
1652,68.98682115,5
6327,69.00475246,7
4849,69.01359478,7
12577,69.02138853,6
8333,69.03302827,6
13202,69.04092752,5
14623,69.06467322,5
10330,69.09785813,7
7769,69.10057856,6
7901,69.14114194,9
4973,69.16544569,5
12628,69.16818156,10
13126,69.18370231,7
9361,69.19361815,9
1047,69.23996376,6
5050,69.24971765,5
788,69.25948777,8
12864,69.27022194,7
5624,69.28278432,5
1763,69.29215407,8
12443,69.35210012,5
12770,69.44786418,8
4,69.48438099,4
9648,69.50414517,7
1357,69.51729791,7
13028,69.54445084,8
709,69.54458235,6
13118,69.55326462,5
11874,69.59326714,5
14175,69.61067161,6
1849,69.62299977,9
2558,69.62860614,7
11421,69.64031817,6
3006,69.65485292,8
7869,69.67167691,5
6734,69.68029169,10
9341,69.7002695,7
11486,69.70383328,6
11125,69.71101897,13
488,69.71335012,5
1386,69.73014161,6
3858,69.73114975,7
10730,69.7589281,9
6578,69.77210492,6
11750,69.78610829,8
490,69.81588066,9
10303,69.85874532,6
1814,69.8755014,8
10620,69.90440267,5
3210,69.97337681,6
20091,69.98493566,8
10275,70.01776169,7
247,70.02152259,8
10160,70.07459923,7
10632,70.09127003,6
6003,70.10786842,8
14272,70.11425559,7
11862,70.11632775,6
11086,70.13033409,7
268,70.16530379,9
12544,70.17596835,8
8096,70.1828169,8
11365,70.18508133,7
5616,70.22803907,8
11685,70.23192089,9
8314,70.24578748,10
1632,70.27523623,6
8502,70.29754803,7
20047,70.31266918,4
1432,70.34369363,8
9143,70.3518523,8
1165,70.38964472,5
12689,70.39824865,7
9454,70.42506783,6
4675,70.45303623,6
2134,70.46168452,6
340,70.49139697,7
8700,70.51401542,6
7513,70.5331044,10
14084,70.59895292,9
13207,70.62568761,5
13764,70.636315,10
6059,70.65670549,9
10312,70.65928605,7
1560,70.67178074,7
1456,70.70378586,5
4722,70.73335202,8
13598,70.75496244,7
6589,70.80039567,5
5735,70.81782432,7
3890,70.84413878,8
11971,70.88227667,8
14241,70.89424324,5
14643,70.91051742,10
9345,70.91863372,6
6268,70.94822116,6
949,70.94907616,6
10546,70.98838974,7
14537,71.0144582,10
12583,71.02318374,7
13285,71.04043516,6
2002,71.09532794,8
6300,71.10970264,8
13527,71.11595852,6
8619,71.12713995,7
8639,71.12713995,7
9270,71.13846243,11
3153,71.21039873,8
9905,71.25477532,8
13390,71.26391732,6
14416,71.26667158,5
14040,71.30180118,5
5657,71.32176666,6
9460,71.34248356,9
10735,71.37006523,9
9423,71.37312283,6
11563,71.38309798,7
12950,71.41137089,6
7791,71.48923002,7
13577,71.49133564,7
83,71.50147533,8
1225,71.50165239,6
1669,71.52368771,8
9557,71.55829962,5
10218,71.56021827,5
6004,71.57738212,9
7032,71.61845681,6
13789,71.61906663,6
11572,71.62192547,10
13368,71.65156024,9
14113,71.65354088,6
8702,71.65732098,6
13010,71.68700035,5
9066,71.69950976,9
10507,71.71630164,9
942,71.73495637,5
11089,71.76336198,5
12412,71.86768366,7
14030,71.9088272,6
617,71.94318439,11
12750,71.9579427,7
12049,71.96570341,6
14246,72.0409544,4
2050,72.12809433,6
14008,72.16880543,10
11386,72.23247733,5
10643,72.25047628,7
1561,72.26343821,5
10119,72.32479913,9
811,72.36331511,6
10213,72.38250947,8
2015,72.39610164,6
6379,72.4326984,6
12152,72.45366824,7
7542,72.46164771,5
3976,72.47343589,7
13528,72.56484023,8
8674,72.59665948,8
9050,72.60944914,6
14342,72.63617194,8
8156,72.64872166,10
5988,72.66197938,8
5808,72.66927785,9
13677,72.79792561,8
215,72.7999234,7
13751,72.82573272,5
3129,72.826163,5
13620,72.83028779,6
7813,72.84741762,7
1831,72.85217144,9
11948,72.8527005,9
10429,72.89232125,10
3226,72.90629612,10
3912,72.92871721,8
11476,72.92890591,9
8600,72.99083572,5
14351,73.03123663,8
263,73.05927622,10
6301,73.09635522,8
3867,73.10080746,7
1937,73.10838082,6
9222,73.12700897,7
14627,73.13086972,9
12592,73.21903722,6
14363,73.26428839,5
12468,73.2874191,8
7044,73.30230094,10
6568,73.31658185,9
9864,73.33410217,9
9364,73.36679387,6
4905,73.37183316,7
1078,73.37460417,5
10362,73.46412859,6
14299,73.54310343,9
10666,73.56257509,6
4761,73.57916538,9
11475,73.60701897,9
1563,73.64431008,6
2176,73.65694562,7
12709,73.7160243,6
3590,73.74488984,11
5815,73.7791575,8
4933,73.81453058,7
3795,73.90954694,6
10043,73.93689844,10
5024,73.93997502,5
11849,73.98083009,6
12249,74.00234377,6
14026,74.06589456,6
10700,74.09480833,5
8265,74.12504942,9
1004,74.15423826,9
12747,74.15843358,6
10717,74.16584552,8
4801,74.16723513,7
12684,74.17021785,6
13457,74.18862058,6
5872,74.22296231,10
9086,74.22819813,13
7061,74.22851991,8
9912,74.23612872,6
10636,74.2392336,10
5564,74.47784794,9
14394,74.48255795,5
14340,74.49289102,5
13627,74.57026979,7
11354,74.57847974,4
12980,74.57925711,6
698,74.59972904,7
13040,74.65143176,7
13328,74.66275286,5
591,74.66806218,9
9949,74.76786913,7
14597,74.77656636,7
3717,74.78580019,11
971,74.8098711,10
13734,74.82257129,6
6017,74.83547872,7
4774,74.84310119,9
12638,74.84375148,7
2058,74.88413655,5
9556,74.90430314,7
6001,74.93828404,7
11081,74.98259031,6
1554,74.99688149,6
10615,75.00126207,5
14535,75.00338902,12
672,75.00575917,7
12219,75.03081328,7
10712,75.04336839,8
5885,75.1116294,9
3868,75.1285227,7
13402,75.22540643,5
11575,75.29359328,8
14705,75.34546605,9
777,75.37824446,6
5688,75.43377978,8
13491,75.44491015,6
875,75.44961138,8
12466,75.45829881,6
12644,75.47079236,7
12978,75.48854869,6
13793,75.5037923,8
4058,75.53318538,8
3707,75.63185789,8
3964,75.65577081,8
14594,75.68253852,7
902,75.74775,6
2111,75.76456589,6
561,75.78867389,6
13290,75.81792715,5
5767,75.84326349,6
11242,75.84445951,10
989,75.8854776,9
9555,75.89503712,8
11211,75.89768949,8
13302,75.93888335,8
7832,75.96265712,8
9456,75.9644099,4
10059,75.97527552,5
1426,75.99383083,6
4677,76.02394882,5
11160,76.03163951,11
4685,76.13361483,8
2039,76.14424604,9
6310,76.15803502,5
12884,76.16578767,10
2123,76.16881561,7
14459,76.20834352,7
5700,76.20870424,8
7948,76.23190742,9
9292,76.25224406,7
6398,76.2578371,9
14576,76.26609821,10
13066,76.29550896,12
4847,76.29645983,6
12695,76.30074619,7
10646,76.31099953,8
11716,76.31099953,8
3860,76.45386686,9
14127,76.49162096,5
9070,76.50324935,7
14144,76.50523782,5
12941,76.5091528,8
11450,76.50943569,8
9335,76.52822582,8
6244,76.55167063,10
145,76.5599265,6
10139,76.57504498,8
313,76.63623258,6
12126,76.65008415,6
5934,76.67612571,8
471,76.68185676,6
9157,76.69985303,9
9719,76.72122791,5
12711,76.74180335,6
10512,76.75732038,8
10727,76.80823569,7
6190,76.81974904,5
2577,76.83142208,7
11340,76.86022529,12
13238,76.87015084,8
10427,76.87057154,9
13206,76.88980603,10
7758,76.90260482,8
6463,76.91829519,8
12623,76.95550633,6
12597,77.01948758,10
3638,77.06027168,7
8268,77.07997573,6
2084,77.11775398,9
11807,77.15564964,8
3569,77.15819546,7
13222,77.17885688,10
3542,77.18438216,6
9224,77.18875158,11
9282,77.19136799,8
5121,77.21562544,7
12844,77.28781613,8
6581,77.30397801,6
1039,77.33807138,6
5698,77.36223434,10
7961,77.37526735,9
14189,77.3831935,8
11683,77.38789285,6
11184,77.40202357,9
12665,77.4130356,10
11816,77.46648672,5
10410,77.46662435,8
11491,77.49135709,8
14869,77.5075132,6
1727,77.56413527,8
11645,77.56452148,9
13695,77.6079936,5
3821,77.62430705,6
12444,77.64272053,8
1169,77.65768588,5
9931,77.70691247,5
1605,77.74280731,8
1109,77.76715656,10
8083,77.77095251,6
7655,77.78350744,6
1636,77.80372571,6
6266,77.81036243,7
5788,77.86998369,9
20019,77.90609016,6
14290,77.92207012,9
10131,77.92615182,5
14565,77.94102527,8
10759,78.00867144,6
1142,78.06434893,9
11238,78.07331378,12
6282,78.08871422,10
4712,78.09261898,6
14509,78.10638903,6
1681,78.11202489,9
4719,78.1360682,6
4683,78.16440853,8
11058,78.17702631,8
1500,78.18159659,6
6588,78.18946422,11
20049,78.20635419,6
5756,78.20804051,10
10004,78.21670966,7
14772,78.23049537,9
8338,78.2355802,7
14951,78.24832868,9
9521,78.26413832,7
14033,78.27517554,7
4517,78.27519825,7
11751,78.28391947,8
7923,78.32384063,7
5094,78.33469913,6
4553,78.37152275,13
2512,78.39365989,7
9311,78.46819614,6
1270,78.46874511,10
975,78.49970147,8
6091,78.51271846,6
1533,78.53387057,7
10796,78.54195462,8
10586,78.55630667,4
5567,78.58205699,6
13349,78.58303796,5
10495,78.60223407,9
12815,78.60753979,10
8046,78.63473867,7
3865,78.6378874,9
6467,78.65367619,8
7958,78.66195429,6
8801,78.69416641,6
13622,78.74115874,7
12561,78.81254518,5
20092,78.85124077,5
10755,78.85524182,6
10203,78.85757876,6
10222,78.88957099,6
5060,78.89716522,7
10000,78.92311732,9
14816,78.98694745,10
1524,78.99135118,6
8394,78.99481234,11
68,79.08511481,9
8418,79.11459389,6
14707,79.14677462,10
12533,79.22744282,6
1012,79.23470079,10
11461,79.23895359,6
11826,79.25102618,5
12440,79.29126653,9
11900,79.29524274,5
12488,79.35233875,5
905,79.36939563,9
8070,79.38893329,7
10172,79.3959916,11
6608,79.45202982,6
3880,79.45857762,6
9588,79.51678882,10
13661,79.51772547,7
13009,79.52389491,10
13332,79.5922093,10
169,79.61768026,9
10432,79.64296216,7
8143,79.64782703,10
12040,79.6594797,9
52,79.65979577,11
7649,79.7160955,7
5073,79.72344397,6
1372,79.73068827,8
1942,79.73197965,8
10672,79.78487984,8
10750,79.78487984,8
2073,79.79390888,7
12675,79.80724734,6
10249,79.81500474,5
7671,79.85282156,9
7864,79.88669688,9
8098,79.89165495,6
2515,79.90241666,8
14132,79.97522029,9
856,79.98206687,9
11556,79.98546386,9
10026,79.98696833,6
13791,79.99069151,8
360,80.0481658,8
1590,80.05475312,9
10435,80.10836214,11
13852,80.16036181,6
10163,80.17682549,6
9785,80.1989473,6
6424,80.21573493,8
14504,80.23457966,11
1483,80.38126305,10
6442,80.40951574,7
12504,80.4436963,8
12293,80.44687464,6
11616,80.45944457,6
6408,80.53456151,10
6454,80.55116183,8
8322,80.55453563,5
11252,80.60236484,9
8537,80.65081437,8
11056,80.65501688,13
11061,80.76211809,6
11708,80.81730382,10
230,80.82563721,6
10356,80.8466723,7
11593,80.85136981,5
3724,80.85792163,8
13164,80.86180213,7
13535,80.86503602,6
20076,80.89921867,5
7877,80.9386434,7
10370,80.93882392,6
9619,80.95506052,6
7722,80.97464682,5
11038,81.0248007,6
11686,81.04954147,7
12880,81.05028852,9
12687,81.06749098,7
12712,81.09180759,7
11545,81.0981362,11
10386,81.14586781,7
13369,81.18575932,9
72,81.20886189,8
12560,81.22887819,7
12611,81.23591823,9
10142,81.26570092,8
11112,81.28336208,7
2045,81.29174362,9
9945,81.31105153,9
8528,81.31593835,5
11731,81.33811388,8
7039,81.35944135,7
13456,81.47390174,10
5924,81.47755413,6
12918,81.49104724,9
11048,81.52132281,9
11213,81.54678752,5
13108,81.56826414,6
7675,81.59848376,6
9844,81.634353,8
5089,81.68621383,9
9286,81.68835815,9
4951,81.74546545,8
11506,81.78048946,7
14155,81.78766142,9
4884,81.91146227,7
1212,81.91607588,7
4795,81.916596,6
3864,81.94233412,10
9277,81.95944392,9
9218,81.98675479,10
20109,81.99646171,11
7912,82.02403785,5
9846,82.04667453,8
11133,82.0793847,6
590,82.08799932,8
5760,82.09346518,8
4830,82.09489419,10
8545,82.10748164,6
7980,82.14587738,8
12782,82.15152077,8
1885,82.15414228,6
2195,82.17043566,7
794,82.2305228,9
5712,82.23993513,5
8532,82.26769267,11
10421,82.29287982,10
5844,82.29991286,9
577,82.31175805,9
9063,82.33458481,10
9795,82.36815757,11
13313,82.39481305,11
14519,82.41656383,6
6541,82.42511755,5
8775,82.45650315,10
9242,82.46441925,10
14166,82.48130319,6
1409,82.5295324,9
8774,82.61645846,10
14818,82.63732996,9
3517,82.64601008,6
5751,82.65640959,5
3960,82.66046051,6
5686,82.70167527,7
11865,82.71283591,6
6606,82.72598723,9
20057,82.75121034,7
3914,82.76785979,9
5129,82.80185467,7
8350,82.82115884,8
4821,82.84832316,9
9743,82.85550761,6
10095,82.8597487,7
11260,82.91211483,12
13811,82.94158617,11
600,82.96277194,5
479,82.97157739,8
12890,82.98141397,9
14239,82.9962117,8
13836,83.00593512,6
13742,83.01137904,10
13033,83.0698691,9
9763,83.10362897,6
13074,83.114339,8
7570,83.18841027,9
11107,83.2010964,6
13067,83.21326511,5
9909,83.24053611,7
1437,83.29220715,6
20026,83.29464438,6
9504,83.33049557,7
144,83.39771628,8
3046,83.41812562,8
14838,83.48301894,10
9537,83.49078861,8
8729,83.54262908,7
9705,83.58948308,6
1504,83.59359597,11
4793,83.6288742,9
5715,83.6433402,7
5946,83.65685233,9
1230,83.65854671,5
14083,83.6940927,7
9043,83.71405289,11
12643,83.72439427,6
10328,83.72530235,10
12699,83.72669983,6
1794,83.74521051,5
548,83.76619055,7
12507,83.77116466,7
8302,83.77342477,6
9646,83.80913458,6
12868,83.82492527,6
4525,83.83112491,9
10570,83.84866643,7
14660,83.88132207,11
11279,83.89384642,6
11369,83.91454451,10
1099,83.98183538,7
8292,83.99992722,9
5825,84.04181548,6
14487,84.08548519,8
7624,84.13624228,11
5061,84.14130756,6
7965,84.17423819,7
10733,84.33235068,7
2588,84.37235003,7
5687,84.38629398,10
1742,84.39295971,5
10187,84.46186984,8
8741,84.49125435,11
6121,84.51593221,7
12878,84.54668152,7
14297,84.55479218,5
8199,84.56644141,8
10785,84.57087484,7
14005,84.59414125,11
4555,84.60674624,12
745,84.61655016,8
6186,84.62586917,10
7955,84.71307907,2
3886,84.72757142,8
20064,84.73164756,6
9769,84.77323959,6
7075,84.81691089,5
6396,84.82798456,6
4775,84.85768372,11
13460,84.92929118,10
8796,84.97131506,7
10025,85.04575856,8
10023,85.04956447,10
5658,85.06055903,5
2523,85.14806665,11
11613,85.26138746,6
14408,85.29577438,5
5098,85.31292436,10
12428,85.32695629,10
11514,85.36228219,10
4911,85.37011584,6
14242,85.37422109,6
8726,85.37746252,10
6053,85.43389534,9
10116,85.45796116,9
1072,85.46312346,7
13003,85.47733352,6
8609,85.51605759,7
14846,85.51608099,5
9275,85.52545965,13
10678,85.5306252,6
12089,85.53180487,11
11859,85.56225204,9
10001,85.56291438,10
481,85.58221838,10
7713,85.59559148,9
10126,85.60800834,7
11420,85.61029909,10
511,85.62453445,8
14692,85.64157729,6
8798,85.70845116,9
8515,85.74157207,7
14376,85.75399197,7
10579,85.7558959,6
13603,85.77025241,6
4554,85.80675386,12
13723,85.82333108,9
160,85.85588639,7
5873,85.85701013,7
9782,85.86165443,10
9857,85.88466051,6
6658,85.92063682,5
13360,85.93110994,11
10260,85.95935558,9
1951,85.96661214,13
5921,85.98274055,10
13277,85.9971178,8
1506,86.01209443,5
6313,86.03386258,10
736,86.07183682,9
12230,86.13660057,10
1444,86.2233892,8
8562,86.24721293,9
11664,86.25183995,7
3068,86.25215809,10
3079,86.26233732,6
602,86.28527745,10
6677,86.29181587,7
20081,86.33166835,6
3512,86.36767773,9
11692,86.39414282,6
13629,86.41166995,9
1469,86.42506945,6
4526,86.42757077,9
11280,86.43710342,9
9158,86.45733726,10
14794,86.47405357,12
3790,86.48271903,6
7763,86.50710894,9
7748,86.52587613,8
10443,86.53569746,6
4702,86.55000312,6
12188,86.57193484,9
6,86.58208847,6
20010,86.63698333,12
8172,86.64619994,7
11459,86.66334174,7
10403,86.69126991,5
343,86.69829304,9
11281,86.72421956,6
12075,86.74520722,12
1036,86.74899337,11
10345,86.76627959,6
3092,86.76779121,7
13018,86.77186662,6
14441,86.82776836,8
12278,86.83592921,10
4591,86.85381761,9
12055,86.85645218,7
4608,86.89699379,9
11809,86.90528983,7
5589,86.94530481,7
6577,86.99889818,7
93,86.99892444,6
13146,87.09267061,8
8759,87.09867621,9
7639,87.09879786,4
4636,87.10164274,11
211,87.15300347,11
11701,87.16331272,8
616,87.20396521,10
8189,87.24541251,7
11587,87.247552,6
12285,87.29171075,12
8192,87.30801496,7
9572,87.39356396,13
11232,87.4346936,9
282,87.43480106,10
1030,87.49583813,7
8645,87.53535252,7
12042,87.54182397,5
6083,87.54303484,6
7812,87.54697871,8
2129,87.63737332,5
14492,87.64571954,5
11200,87.65624214,10
13203,87.69063343,7
4864,87.70246332,7
6503,87.77498421,8
1195,87.77747669,12
11449,87.78472178,10
5082,87.80152369,4
9603,87.8347132,13
3588,87.85286626,8
13311,87.85570515,7
9675,87.88692572,7
5753,87.94669623,6
11869,88.03291877,5
1639,88.10286252,5
8823,88.12077748,9
12190,88.12356443,4
9082,88.14418552,12
177,88.15166861,11
13673,88.15698467,9
10084,88.16170653,8
10411,88.16370278,7
5026,88.16987473,7
12556,88.18072768,5
11418,88.18467575,9
13818,88.2042692,13
11873,88.2138489,5
13216,88.22758994,9
1694,88.26177175,10
12014,88.27177694,7
13179,88.3430977,9
13755,88.34384188,10
11408,88.36109518,6
1228,88.40132615,8
7578,88.45348697,6
951,88.45348697,6
10122,88.45388221,7
13329,88.47551638,6
12555,88.52419615,8
9057,88.55569478,12
12639,88.55686747,6
14490,88.56906394,10
13186,88.56991726,6
81,88.5845433,8
3597,88.61818199,11
2014,88.63754181,10
4723,88.69150777,6
6256,88.69554746,6
13234,88.70127032,7
1140,88.74435353,8
7089,88.77773954,5
6592,88.83552462,11
11832,88.83797247,13
8781,88.84025972,7
381,88.85748503,11
1007,88.86542448,7
14556,88.87565594,7
10162,88.88868733,8
4509,89.02247522,7
11925,89.05931112,6
10190,89.09540769,8
10567,89.14077868,6
10316,89.14118515,6
10140,89.17928364,10
13429,89.20794343,8
10767,89.21066771,11
8129,89.21437531,7
14552,89.25625368,11
1876,89.26899009,11
9185,89.2825703,7
14061,89.28339762,12
9993,89.31855226,8
12537,89.355167,7
13619,89.37741735,12
6732,89.41134689,7
5968,89.42361097,10
8166,89.42735513,5
11944,89.42781166,5
9017,89.44532557,5
14332,89.44876153,8
4745,89.47424663,9
1102,89.4875518,6
11255,89.48941747,4
10397,89.52558051,11
2539,89.54740276,7
883,89.55450916,9
1054,89.55469523,7
12642,89.56397432,6
14025,89.60224462,6
5587,89.61097924,9
3222,89.63626334,7
10242,89.65648616,10
14967,89.67948132,11
14566,89.72642152,7
1933,89.74602907,5
13287,89.788622,11
801,89.85086598,8
8582,89.90423549,9
11460,89.90753433,7
13133,89.92460016,9
7924,89.97453362,9
14606,89.98387436,6
3828,90.0227753,8
2113,90.03438456,8
1152,90.08791237,7
7823,90.08983543,7
491,90.10669368,9
6335,90.19388518,8
116,90.19658541,7
810,90.22625673,7
11508,90.25701182,7
13570,90.2656235,5
1581,90.26929938,7
13250,90.29078221,10
3138,90.31020643,10
9725,90.351155,6
13740,90.36950635,9
14679,90.38846594,8
743,90.38990569,6
4524,90.403055,11
14423,90.42219787,8
7049,90.43120351,6
12914,90.45254829,8
20012,90.48166149,7
12237,90.55661644,8
4790,90.5647658,10
11926,90.57117371,8
717,90.59812885,6
10545,90.60191041,10
932,90.63245025,6
11846,90.64142011,10
566,90.64504353,10
10765,90.66821366,9
8371,90.68975666,9
20072,90.7056802,5
12197,90.73421532,6
12210,90.74935503,8
6064,90.76253855,7
7777,90.81135295,9
13847,90.82219073,6
10419,90.86063596,8
13450,90.8917673,6
20102,90.91562181,9
13735,90.91631459,9
10129,90.93583123,8
8089,90.94456273,11
5814,90.96510465,8
13070,90.9685507,10
4017,90.97988553,5
11377,91.00361547,10
5875,91.02760694,9
4014,91.02974194,9
6705,91.04391738,7
4674,91.05780389,8
11724,91.06881349,11
1425,91.0794901,10
13110,91.10282859,13
10516,91.10421402,6
13738,91.12392904,9
6183,91.12560184,11
11428,91.15911572,13
12211,91.17866655,9
10789,91.19081152,5
12867,91.20260826,9
3500,91.21111132,6
7706,91.22167254,10
5807,91.24825601,7
10152,91.31353129,3
11178,91.3626371,8
4026,91.36940313,5
12106,91.39321785,11
11649,91.43571764,7
6339,91.45759472,10
12085,91.45809653,13
13075,91.46054277,9
10568,91.49336729,5
3761,91.51171091,5
7858,91.58831596,11
8258,91.62434306,10
10778,91.63337184,13
13862,91.64799991,7
5514,91.69808794,7
8263,91.7047613,7
12823,91.70973896,11
12060,91.75239617,5
14547,91.77468739,11
14771,91.79109171,11
14174,91.8067769,9
6716,91.81370561,10
12304,91.81641551,7
4015,91.84569232,12
1717,91.85684645,9
251,91.85776526,11
9367,91.88836277,10
2526,91.8992939,10
5579,91.90027458,12
5972,91.90804982,5
12235,91.92424931,7
862,91.93640414,8
10504,91.9401119,6
4972,91.98931268,11
12866,92.03267575,9
9083,92.04849287,8
10707,92.07629437,7
5504,92.19877772,14
10130,92.20723091,10
11195,92.21565619,11
10225,92.22196256,7
3792,92.24426479,7
7054,92.27121964,9
13016,92.28497258,8
12708,92.28752877,7
13382,92.29713085,6
13,92.30198467,10
10254,92.32340282,7
4594,92.3376114,11
6234,92.34647287,7
11940,92.3664816,10
14946,92.4027754,9
11031,92.40278346,9
12232,92.51175044,8
14489,92.51958541,11
20062,92.54726155,5
3172,92.55895758,12
7501,92.58979872,6
1539,92.63212064,12
8217,92.66268161,7
10489,92.69292764,6
12794,92.69589645,11
3836,92.77053574,6
1536,92.78127545,9
3591,92.79422799,8
1339,92.80814214,6
12725,92.83933324,10
9968,92.84246782,6
687,92.85849485,9
11189,92.88195808,7
4893,92.9051679,7
1324,92.93206023,10
4535,92.95017366,10
12045,92.96444232,11
13342,92.97517026,8
12967,93.0326218,9
11756,93.1052964,7
5705,93.12517736,7
20043,93.1413428,11
7599,93.14169127,10
5785,93.16709207,8
11000,93.16755586,9
4549,93.18981443,11
5661,93.20054367,8
6465,93.20179981,9
3099,93.20346826,7
8125,93.22519221,6
13007,93.23648354,7
8548,93.24317857,8
14232,93.28236468,9
437,93.29607104,9
12653,93.33610173,8
3901,93.36358429,7
6321,93.4275394,6
12769,93.46783757,10
8262,93.47856133,13
14775,93.4852142,6
4955,93.50734794,6
1582,93.54517569,7
5048,93.56638867,9
3892,93.57885072,7
4900,93.58206875,7
1511,93.59375539,9
4735,93.6011922,11
13841,93.63114078,10
165,93.64396107,7
10210,93.64620221,9
741,93.76961359,8
1780,93.77099115,6
9296,93.78245359,7
11650,93.79348112,12
6459,93.79530411,9
5991,93.85915039,9
1066,93.87354654,10
13137,93.8748728,7
13245,93.88365391,10
14599,93.88750104,8
11141,93.88974892,11
11194,93.89361915,10
5066,93.89422173,8
14167,93.96790788,10
1235,93.97301607,12
11262,93.98101419,7
12874,94.00143441,5
1391,94.00868594,10
1697,94.06727654,8
6220,94.19963061,6
4817,94.21126109,14
9672,94.23496678,12
7041,94.24432847,10
6636,94.28816762,11
10105,94.32527562,11
5049,94.42555955,7
11083,94.4295732,10
9939,94.48603044,9
14466,94.50514603,7
4848,94.51700887,9
14563,94.55685647,12
10341,94.56256619,12
13442,94.59000394,8
3760,94.60985048,7
12036,94.62161552,8
6631,94.62330065,4
1510,94.64417565,6
4738,94.67311781,10
5507,94.68124959,13
13797,94.69808796,7
164,94.71985256,11
11196,94.72912596,11
13614,94.7413872,10
13388,94.77512687,8
486,94.78368091,9
11765,94.87932719,11
13408,94.89599046,11
11192,95.01953096,12
12179,95.04001721,9
11123,95.04355879,9
14240,95.0670391,8
1138,95.11452786,8
8713,95.12933002,11
1691,95.15263689,10
4561,95.19493096,12
10149,95.1955341,13
11465,95.21922579,9
11357,95.23520552,7
13072,95.24837881,8
14231,95.2533725,8
10470,95.26755297,8
9149,95.29145046,11
14616,95.29994504,10
12919,95.31420505,11
9758,95.31864579,12
4915,95.33492531,8
5006,95.35190713,7
13548,95.36593878,7
14884,95.39703813,7
11039,95.4106747,9
3519,95.41716317,9
928,95.44393547,11
2553,95.47931316,11
8680,95.48759173,12
1653,95.48929466,10
12596,95.51054454,11
1081,95.52030781,8
14385,95.5758702,10
14063,95.59273312,10
14182,95.60772896,8
7516,95.63008471,6
12964,95.65492908,11
14468,95.82402469,8
43,95.83737312,9
1599,95.90452698,12
3160,95.92754283,6
9872,95.94896926,5
8573,95.96085213,8
11095,96.0139182,6
7556,96.08306641,6
4954,96.09449768,10
6699,96.1134245,7
900,96.11559761,11
11604,96.11741307,11
524,96.13342022,12
9852,96.19116963,9
12703,96.20967038,4
14751,96.22103857,9
812,96.24667342,9
5566,96.26056116,12
14691,96.26527522,8
11699,96.27227167,7
11193,96.27242959,13
12745,96.27296722,9
9506,96.31645902,14
7690,96.36253518,10
13672,96.39684485,11
13395,96.46796977,10
10499,96.59747228,12
14070,96.61737924,10
12627,96.69956884,8
5996,96.73429553,9
1208,96.7524923,7
5879,96.83088329,8
8819,96.85400857,12
7091,96.85983409,8
8389,96.86572071,10
1988,96.88354578,9
12094,96.92347621,7
13230,96.93187311,8
10346,96.93905338,4
10102,96.97124116,11
3008,96.98534814,10
12480,97.03100377,10
20071,97.04061187,10
5827,97.07331837,8
20033,97.08188055,9
14353,97.09013211,13
20132,97.09083265,10
11594,97.10798772,11
1245,97.12180037,10
7668,97.12937587,5
6207,97.13420445,9
7949,97.17308093,9
13420,97.17398189,8
7730,97.22419754,13
14596,97.22586394,12
1907,97.24254783,9
12729,97.28019099,12
303,97.30115264,13
7669,97.30912402,12
10599,97.32904098,10
11888,97.37669708,10
4936,97.39184114,5
871,97.41284969,11
3546,97.41664609,7
10719,97.41776855,9
5805,97.42961036,9
11317,97.44771716,7
11121,97.49329574,7
1809,97.50516159,9
6634,97.56361598,11
8804,97.60615055,12
7857,97.61697086,7
14852,97.65207396,6
7766,97.65501268,10
12789,97.65509544,12
6638,97.66183691,11
908,97.67221111,10
4634,97.68819253,7
13684,97.69048499,10
10543,97.72456291,9
816,97.76341708,8
8604,97.82151367,9
208,97.83227575,7
13011,97.8472725,12
6311,97.85876833,8
4523,97.9402942,9
11833,97.9466046,7
10670,97.98833378,6
6243,98.05724243,11
3204,98.06309413,13
7752,98.07565039,10
11845,98.10030617,13
13766,98.10158927,8
6521,98.16730571,9
12800,98.18137065,12
14010,98.18314395,9
13594,98.21032192,10
11181,98.24798677,8
12546,98.30666323,10
11553,98.40127199,10
13513,98.41806307,11
5155,98.42530665,10
569,98.44339202,10
8139,98.46524234,10
5558,98.51772927,9
11100,98.54226748,7
14812,98.57044828,10
8596,98.57168117,8
5519,98.58258993,12
10628,98.61522382,10
8026,98.64318698,5
12781,98.64332259,13
5530,98.66745766,12
14176,98.68460623,10
14044,98.71946207,9
13608,98.72517763,7
11653,98.73585827,9
14498,98.73662436,8
12903,98.76013303,11
14646,98.88149556,9
9436,98.93963552,8
7645,98.94438266,10
7589,98.96323486,9
11362,98.99332347,6
413,99.01568405,9
14036,99.05657776,7
12029,99.12413311,10
719,99.16514636,11
12406,99.18177929,10
14247,99.22590767,10
10363,99.26736889,13
10231,99.32101691,7
4676,99.32874869,10
20031,99.33687001,12
10297,99.38074814,10
7062,99.3857013,8
10538,99.39176999,4
4711,99.40403007,9
14695,99.41714062,9
4552,99.43874951,13
555,99.44059077,14
3621,99.45955093,13
8236,99.53490144,9
10618,99.5526908,7
13600,99.59659894,6
11959,99.60347365,13
6020,99.64258184,5
11447,99.7102134,14
3895,99.73112752,8
11883,99.74929771,10
11478,99.75015843,10
10128,99.84282206,8
13466,99.8631219,8
12424,99.87557166,11
9117,99.91173229,10
6090,99.98189729,8
11358,100.0065546,13
4855,100.0209628,14
13583,100.0228363,13
10037,100.0335287,7
3218,100.0390087,5
13668,100.0818868,11
5111,100.0960411,11
13337,100.1093386,8
2536,100.1177913,9
13469,100.1767114,12
6208,100.1797237,12
3653,100.2803188,5
6739,100.3215582,11
14879,100.3275884,15
5940,100.4029523,11
11191,100.4230556,11
10571,100.4546644,6
729,100.4867936,9
7595,100.5157595,9
13171,100.5485943,10
10014,100.5658786,5
9907,100.5773098,7
9835,100.6347445,5
9869,100.6366882,11
12817,100.6667398,7
13163,100.7129881,7
848,100.9151117,11
12215,100.9378811,6
5599,100.9948821,10
3180,101.0473909,6
13654,101.0840988,12
12224,101.1234299,11
14529,101.1426896,9
12083,101.1486026,12
1376,101.1725293,9
14522,101.1859271,9
14138,101.2038621,6
790,101.2084645,7
10726,101.2105227,11
10668,101.2915715,9
8576,101.3368327,10
11410,101.341789,8
11351,101.4196189,9
5632,101.440163,9
4846,101.4955283,13
10752,101.5497315,13
8581,101.5724092,10
7761,101.6134294,7
8530,101.6175622,8
14192,101.634448,8
14714,101.6897559,12
10007,101.6966378,10
8678,101.7063412,9
1594,101.7783438,9
11573,101.7826489,9
13020,101.8654635,12
12252,101.8803353,11
14803,101.8935093,11
14339,101.9462438,7
14188,101.97949,11
710,102.0889655,9
6368,102.1678147,10
11775,102.2059951,12
1748,102.2328607,12
11310,102.2555055,8
14092,102.3206828,15
5159,102.321284,11
8687,102.3477551,10
3147,102.4523048,7
11580,102.4665072,11
3574,102.4761183,6
12048,102.520616,5
4841,102.5230929,5
7879,102.5243776,11
9177,102.5725919,12
1803,102.6004401,12
4767,102.6270601,11
9941,102.6280373,9
11542,102.6352743,8
7718,102.6486162,8
189,102.6957224,14
3652,102.715742,11
6241,102.7320652,11
6616,102.7331969,9
11588,102.7335725,10
2559,102.7336683,12
8109,102.7354152,7
6405,102.7706196,11
3629,102.7749712,11
11801,102.7916671,8
10697,102.8476477,7
13370,102.864057,6
10525,102.8893729,6
13476,102.8940075,14
8486,102.8957554,9
12459,102.9277861,11
8803,102.9471402,9
562,102.9555144,11
4571,102.9665491,16
11877,102.9819775,7
552,102.9847222,6
14554,102.9984595,11
5069,103.0000132,8
1100,103.0663926,10
10745,103.0836287,11
1650,103.1248935,10
20096,103.1587848,14
11397,103.1596731,12
10772,103.1834983,7
13005,103.1916777,11
7549,103.3381708,9
12275,103.3787277,8
13054,103.3841336,8
14584,103.4161585,8
1438,103.4171842,8
12549,103.4341812,9
11406,103.4737095,8
14043,103.4830585,8
11962,103.4885588,14
12074,103.5456286,11
5684,103.5472494,13
9007,103.5581313,9
14970,103.5660005,13
8311,103.612954,9
8406,103.618009,10
13671,103.6303966,6
6251,103.6917748,10
834,103.7140842,11
13835,103.7154166,11
11072,103.774643,11
4938,103.7783284,10
9511,103.7944956,10
8757,103.8129623,11
7772,103.8684508,8
6626,103.8815107,4
1606,103.9478383,10
6151,103.9849095,10
10602,104.0535974,7
11256,104.0545516,6
9874,104.0585404,8
107,104.0782634,9
2110,104.1333646,7
470,104.1333646,7
5124,104.1354362,12
3191,104.1568069,7
14855,104.1644745,11
7917,104.2021249,9
1394,104.2094821,9
477,104.2468302,11
9730,104.2579785,9
9655,104.3199387,5
14018,104.3281133,10
4698,104.3419537,11
13380,104.4462019,9
1221,104.4512924,7
3636,104.4619453,13
12112,104.4721545,7
4890,104.4733022,9
13706,104.4889583,10
14817,104.610701,17
6457,104.6441179,11
8601,104.6771369,9
7773,104.67914,9
9243,104.7680229,8
12246,104.7890683,7
13138,104.8053268,7
1903,104.854056,14
380,104.8807813,14
7018,104.922513,6
11797,104.9846979,9
12157,104.9995427,10
9394,104.9996733,6
1361,105.0259551,8
1529,105.1151424,11
1061,105.1161403,13
8343,105.1427688,10
8786,105.1679295,13
7557,105.2925917,8
20000,105.3081933,8
9405,105.338919,9
11911,105.3588121,8
12819,105.3689636,8
1700,105.4523703,12
12107,105.4612419,12
10705,105.5299938,11
8392,105.557239,9
11527,105.5715219,6
3927,105.6105711,8
14172,105.6209236,10
14368,105.6496054,10
6620,105.652432,10
1366,105.6572651,13
11949,105.7812736,10
11401,105.7879651,7
13419,105.8011028,11
5907,105.8323104,8
8213,105.8593798,9
6429,105.8602787,5
4871,105.8686885,7
13568,105.8860485,11
3716,105.9029957,6
13326,106.0380791,11
11402,106.0517262,13
14619,106.0776475,11
11567,106.1409366,10
12803,106.1723548,7
11044,106.1937725,5
11153,106.2379791,6
10002,106.2516406,11
11847,106.25389,13
3184,106.3747399,13
33,106.4468957,11
11331,106.4730251,13
14761,106.5179813,12
1908,106.5208586,9
397,106.54386,8
6625,106.575243,7
4518,106.5937296,9
9279,106.6105334,11
5533,106.6396987,8
9245,106.8080886,9
6542,106.8293955,12
11743,106.8853432,10
8706,106.9012345,9
1520,106.9280829,8
6094,106.9635004,7
6303,106.9929661,9
11221,107.0125118,6
10252,107.0157779,9
9848,107.0357434,5
12139,107.0604057,8
12705,107.1031518,12
14206,107.1146953,8
5080,107.1664057,7
7672,107.2021869,11
3086,107.2028045,11
11977,107.2795992,7
11565,107.2985602,9
13704,107.3169025,12
1368,107.3421328,13
10234,107.3889404,11
9381,107.4113886,14
10635,107.5111254,6
14126,107.5149068,10
12654,107.5206147,11
13343,107.6330237,13
3654,107.7085578,10
14235,107.7425044,15
20075,107.8210318,12
1603,107.8635152,6
12166,107.8817643,7
3541,107.8830823,12
248,107.9358357,8
14422,107.9845044,12
14917,107.9905689,10
9089,107.9949395,9
12896,108.082181,9
1077,108.1477491,10
12242,108.2347323,7
3909,108.2810839,11
10029,108.2938385,13
4968,108.365873,16
7800,108.4012326,13
14302,108.4523816,6
4980,108.4977669,12
12564,108.5221135,15
9334,108.5259674,11
20174,108.569018,12
20197,108.6073183,11
9327,108.6408071,12
4066,108.6445873,12
5779,108.6535286,9
11936,108.7158433,9
6082,108.7380714,6
183,108.7614345,12
7701,108.8804359,12
10650,108.8884416,9
4792,108.9008352,7
17,108.9035378,9
11049,108.9826829,9
12291,109.0427861,6
5672,109.0528603,8
13746,109.1239485,9
6160,109.1427641,10
4064,109.1785446,12
13804,109.2074836,10
12288,109.3548473,8
10089,109.3952324,10
6172,109.4522843,11
6441,109.4527355,10
12635,109.5332898,8
799,109.5406044,13
6431,109.5507536,11
11624,109.5799913,9
5801,109.6054295,10
4812,109.6090251,13
1756,109.6144712,8
14581,109.6168607,12
3942,109.689092,9
967,109.7323704,10
1595,109.7460359,12
9985,109.7684396,9
3118,109.7878179,11
13662,109.7972814,11
14405,109.8330696,10
10156,109.8478677,11
13659,109.8668143,7
6322,109.9821467,11
12777,110.0057566,9
14945,110.0085272,13
6378,110.0193718,9
10542,110.0282377,10
10385,110.1149563,13
6649,110.1407512,8
14874,110.1449001,11
11679,110.1527695,9
14359,110.1724084,7
14806,110.176103,13
798,110.2080538,12
1115,110.2284505,7
445,110.2387145,14
13039,110.2464388,14
1944,110.2570074,11
6342,110.258017,6
11566,110.2680454,9
1101,110.2838239,7
77,110.3111166,10
702,110.3429876,10
10380,110.3835232,11
4929,110.3895476,11
520,110.3924943,11
4054,110.3934853,13
14710,110.4140719,12
14017,110.4252036,9
6191,110.4410258,10
5052,110.5609944,12
3796,110.5772715,10
10332,110.5929849,8
1491,110.6253008,10
1365,110.6425768,11
5067,110.7024508,13
11400,110.7086002,12
48,110.7414603,11
1285,110.779554,12
12203,110.8022995,12
4753,110.8362633,6
13714,110.8650318,13
10146,110.9123087,9
11085,110.9317501,9
12889,110.9531831,12
7606,110.9611725,9
14178,111.0155173,11
3704,111.0195574,10
1530,111.0398189,11
9860,111.0400786,10
11749,111.0449052,13
11398,111.0696724,13
8344,111.0927352,10
13162,111.1396519,10
7646,111.1678843,7
14805,111.1743509,8
1319,111.2021288,14
14316,111.2103137,10
5156,111.2353163,13
6505,111.2524323,9
283,111.2861723,12
3732,111.297866,10
1475,111.3106385,10
6596,111.4426897,10
13239,111.4435064,10
7004,111.4914563,11
3702,111.511375,8
5042,111.5222282,11
10072,111.5654972,9
4820,111.6432015,11
11480,111.6629651,14
20032,111.6926628,12
10420,111.6930714,10
14245,111.8015703,10
1542,111.822902,12
6283,111.8603265,7
12034,111.9138608,10
11399,112.0022258,13
1019,112.0025644,10
12002,112.0203307,6
12496,112.052531,5
1980,112.0585711,7
3963,112.0934942,11
5793,112.0947616,13
14787,112.1625564,11
1455,112.185087,7
10481,112.2427558,8
8380,112.3118355,8
5856,112.361042,9
13531,112.3726203,10
14595,112.3815421,9
14678,112.4220199,12
1688,112.5480417,10
716,112.5511856,10
752,112.5511856,10
688,112.5603775,7
12531,112.5669834,15
9407,112.5791793,6
9175,112.5822253,10
13787,112.6588987,8
14804,112.6783107,9
14158,112.7361079,11
1745,112.7718717,11
8651,112.8967224,7
12497,112.9225953,10
9008,112.9333546,8
9262,112.9962274,11
5043,113.0341353,9
14668,113.0702348,19
13299,113.120785,10
9064,113.1224434,8
10288,113.1555023,12
449,113.1728311,11
13012,113.1925225,11
1264,113.2198247,14
13635,113.2432535,11
9959,113.244889,9
9030,113.2644059,13
10389,113.2875385,10
20003,113.3205655,8
9516,113.3345679,13
9611,113.3607037,8
20002,113.3748822,13
10052,113.3751199,4
20223,113.3867021,6
6602,113.4557802,11
12652,113.4919984,7
6376,113.5196966,13
11837,113.529536,10
8661,113.5588965,11
13258,113.5638153,11
5858,113.5793679,7
13524,113.7754956,6
6387,113.9405736,10
9775,113.9483784,10
11088,113.956083,8
9928,114.0558453,6
4860,114.0786657,6
403,114.1108166,12
1346,114.1255514,11
11856,114.1283169,14
11559,114.1342418,10
6445,114.1424467,10
20077,114.208009,13
13719,114.2409759,8
11440,114.2427131,12
2608,114.2734052,7
14491,114.3146703,12
7594,114.3859276,14
14315,114.3940107,7
4727,114.40586,10
1284,114.4141928,11
775,114.5143535,10
10241,114.5363156,10
13338,114.5767357,7
11208,114.6505046,16
968,114.7045429,11
9072,114.7709021,7
92,114.8104355,13
7910,114.8551603,13
12168,114.9184965,8
12865,114.9370948,8
14260,114.9636017,13
3918,115.0872183,14
4673,115.1160098,9
10438,115.1708902,9
2011,115.1861407,14
12457,115.2193661,12
3207,115.2878375,13
3658,115.3406335,12
8644,115.3498543,8
180,115.3678151,12
6245,115.3805068,12
11526,115.4446486,11
9314,115.4620285,6
14296,115.4930904,10
13829,115.5634167,13
1401,115.575752,7
994,115.616149,10
6145,115.6209813,12
10605,115.722032,10
823,115.7604805,9
13129,115.8596228,9
10619,115.8854165,10
4766,115.8935111,12
11967,115.8938202,14
20112,115.9397722,13
9016,115.9474408,12
596,116.0639997,18
11644,116.0842301,12
11787,116.162149,9
9766,116.3998362,12
6319,116.4265886,12
9920,116.5323802,8
14849,116.5603117,12
11477,116.5744416,11
2596,116.7101849,7
4925,116.7500958,11
9495,116.7554372,9
9661,116.8984289,12
9960,116.9016604,12
494,116.9032155,9
750,116.9576517,10
7506,116.9876342,14
11760,117.0319089,8
10644,117.0889788,12
13519,117.0981856,8
13153,117.134713,13
11321,117.2204539,12
10276,117.2523221,12
12732,117.3546975,10
429,117.3620482,11
12946,117.3878955,9
582,117.4395269,11
13715,117.4579882,7
14157,117.5093019,9
11142,117.5157505,9
13644,117.5527779,10
5140,117.5532565,6
12511,117.5934305,7
13117,117.6209788,8
12529,117.6219902,10
13053,117.6400812,9
11952,117.6777112,6
9128,117.7438729,11
11029,117.7578438,8
5038,117.8273318,11
9618,117.8305159,9
7679,117.8975623,12
9610,117.9345083,7
1730,117.9425386,13
10293,117.954234,9
9226,118.012874,15
10401,118.0183933,10
8724,118.0436649,11
1213,118.234537,9
2516,118.2507045,11
3196,118.380448,14
13550,118.4013409,12
6351,118.4185737,9
6042,118.4406319,12
11109,118.450225,8
10046,118.4601117,12
1701,118.472178,10
10304,118.5465976,10
2055,118.5515179,13
9652,118.5719658,11
14052,118.586585,13
12481,118.6496643,6
11220,118.6813382,12
9749,118.7351985,12
3106,118.7666007,7
20059,118.8101511,12
12620,118.8127386,13
5065,118.8352395,11
3855,118.8938767,12
11965,118.9192306,14
747,119.0125105,10
14410,119.0552713,11
13391,119.0754413,17
214,119.0973714,11
2027,119.1058794,13
4527,119.111024,13
9244,119.1227689,12
12176,119.2434279,10
7940,119.2777229,11
8662,119.2804071,9
1250,119.3088084,8
12588,119.3986044,16
9716,119.4201663,12
11250,119.4552563,11
11068,119.4894851,10
416,119.7033073,12
5884,119.7284897,13
285,119.8104384,12
5105,119.9569586,15
20015,119.9664963,9
8684,120.027173,12
8100,120.0545722,13
8385,120.0894203,13
1111,120.0899139,12
1778,120.0961242,11
7660,120.1350013,14
1059,120.1660687,15
14900,120.1814261,15
12568,120.2518229,12
8808,120.2768593,11
3814,120.3416956,7
7915,120.3497407,12
9681,120.350149,10
1672,120.4336377,10
8638,120.4414125,11
1,120.4640902,13
8616,120.5283784,12
20014,120.5481697,10
12799,120.5821325,8
10699,120.5970121,14
7535,120.6475162,13
5609,120.6515641,13
4609,120.6661665,10
255,120.7318585,12
9465,120.7400241,15
1092,120.7723088,13
7724,120.788603,19
90,120.7932731,9
14354,120.8000266,14
7539,120.9613337,7
14350,120.9800828,14
6028,121.0293202,6
1095,121.0578135,6
13816,121.1146511,13
9961,121.1167609,8
8424,121.1292358,6
8762,121.1426143,9
9438,121.1686711,14
6166,121.1701947,12
36,121.1713141,12
3508,121.1918832,7
1282,121.2352272,9
4550,121.288988,11
11033,121.4551294,7
20113,121.4962493,6
756,121.5653111,6
13148,121.614773,11
6290,121.6547786,5
2185,121.6727461,8
358,121.707274,8
12735,121.7446749,11
5747,121.7515734,14
14587,121.8206743,13
9332,121.8473912,7
3529,121.8545142,11
11714,121.9372681,4
12688,122.0101532,12
9135,122.0481043,10
9491,122.11193,13
500,122.1185537,12
13478,122.1375359,12
3162,122.1872503,10
11104,122.3435058,14
767,122.3850699,12
20004,122.4035849,7
3665,122.4605239,14
12853,122.4846706,12
3734,122.4866053,12
7567,122.527742,12
10360,122.5347187,12
5109,122.5841258,15
14131,122.6016986,15
13086,122.6069098,11
13482,122.6116784,13
1757,122.6280018,13
637,122.6346518,10
4679,122.6771674,15
2001,122.8010126,10
12512,122.8286834,12
8049,122.8589379,13
14814,122.8958094,14
8231,122.9264987,11
9393,122.9570775,13
9049,122.9590525,10
5594,122.9773221,7
6013,122.991907,12
6637,123.1910857,8
154,123.2414566,12
6552,123.2703982,8
5775,123.2858049,12
3775,123.2988527,8
10500,123.3068558,12
1677,123.3930424,12
10569,123.4119492,12
12130,123.4250682,11
7729,123.477329,7
4772,123.5007311,12
9830,123.5191431,12
5084,123.5683933,9
12526,123.6070671,10
6632,123.6689201,10
12003,123.6974853,10
1423,123.7396687,8
19,123.7671826,15
8349,123.798602,10
1242,123.9246226,12
7013,123.9566735,11
2053,124.0887105,12
4782,124.1130947,11
7756,124.1782329,11
9212,124.193557,6
353,124.3064236,15
6036,124.4706508,12
1736,124.5006304,15
20183,124.5258647,7
6624,124.5281322,10
11243,124.55579,7
8264,124.5609637,13
8009,124.6043301,12
3121,124.6091435,7
13612,124.6610614,13
9783,124.6912845,14
8235,124.697276,14
9208,124.7234263,11
4851,124.8417472,8
11723,124.8685033,12
5559,124.9007222,8
9237,124.9043079,5
9136,124.9089453,11
12294,124.9128667,14
10047,124.9209803,13
14962,125.0534116,13
613,125.0733524,5
585,125.2332444,7
13355,125.2405084,7
570,125.2531048,11
13406,125.3352701,8
3817,125.3609605,6
12187,125.3632117,13
1429,125.3806471,9
8583,125.4377584,14
11407,125.5059768,10
4539,125.6207761,13
4595,125.6497821,8
6726,125.6550749,11
12557,125.6599248,11
4639,125.6677728,14
13107,125.7012193,10
2144,125.7065851,13
14811,125.7353093,9
20005,125.8092863,7
9004,125.8206009,8
11885,125.892165,10
10216,125.9451218,8
3839,125.9463258,16
9735,125.9524623,15
20202,125.9713012,13
7575,125.9938318,12
12961,126.0623902,6
13344,126.0853185,16
12951,126.1199463,13
10035,126.1391294,15
10616,126.2140926,12
5714,126.3125755,10
12558,126.3358943,16
10552,126.3728492,11
11704,126.395536,13
4873,126.5808834,13
20073,126.6935566,13
7051,126.7328544,13
12270,126.7372315,7
12828,126.7549521,15
14910,126.7748389,12
10114,126.8310755,13
652,126.8832185,15
1718,126.933771,16
2510,126.9342013,15
3750,126.9489394,7
4011,126.9489394,7
2172,126.9922541,11
3947,126.9922541,11
12968,127.0065925,14
336,127.1102708,11
13470,127.2026374,14
10199,127.2602035,9
12965,127.3471173,12
10150,127.4290911,11
2135,127.4661247,11
2585,127.4996577,11
1970,127.5031559,8
751,127.5243377,10
14877,127.5808261,6
6279,127.5818613,17
2070,127.5899898,11
10560,127.6756978,13
141,127.728902,11
8628,127.774683,12
12046,127.8608675,13
2563,127.9074462,8
809,127.9091977,13
11206,128.0355621,14
12115,128.0524775,11
1961,128.0658879,13
3161,128.0989983,15
9637,128.1411049,7
1097,128.1574686,8
7862,128.2472287,11
2089,128.3935314,12
14883,128.416774,7
12262,128.42983,14
4928,128.505107,14
9040,128.513146,14
14286,128.5716639,12
11601,128.6132363,15
11451,128.6399215,14
8675,128.725936,12
10408,128.7309279,9
1220,128.7506438,13
11647,128.7723642,8
14474,128.7998759,9
11378,128.826972,14
9351,128.918762,17
9626,128.928182,16
13185,128.9990055,13
10191,129.0811764,10
11438,129.0961942,14
6690,129.1100472,7
10017,129.1365998,8
12756,129.1829004,13
11376,129.19206,12
7522,129.2361565,6
13334,129.2713467,12
3502,129.3010731,13
12566,129.3151119,14
12454,129.3506497,5
1129,129.3681379,13
5680,129.461886,15
10143,129.4993322,14
12171,129.5249045,10
10393,129.5810057,17
5861,129.6179165,9
1968,129.6228759,12
6022,129.7069674,13
13404,129.7209549,8
4835,129.7804429,15
9045,129.8679104,14
985,129.8758962,8
12516,129.963172,11
7911,129.9722739,12
5690,130.0667792,11
6557,130.1123678,12
6211,130.1731609,9
20056,130.1785625,11
6162,130.3422787,14
1318,130.4608423,12
13508,130.576936,11
12975,130.5845683,13
7559,130.5902062,14
1412,130.6032264,14
1699,130.606254,13
12023,130.6546345,15
11437,130.8313523,9
638,130.8840813,10
12780,130.8942183,13
6139,130.9001173,11
6133,130.9432799,13
926,130.9919076,11
6079,131.0832529,13
11309,131.1081793,12
6555,131.1597841,13
4836,131.1864065,14
8119,131.2657568,15
14644,131.2679454,13
14379,131.2878037,14
5961,131.3162067,12
5985,131.3634831,8
12840,131.3752077,9
7856,131.3762709,10
774,131.4001674,12
4633,131.4803803,8
10141,131.4976394,12
5628,131.5164733,9
11612,131.565808,15
3534,131.5835378,14
8714,131.5972954,13
108,131.6021126,8
8320,131.6356952,13
1512,131.6401993,13
9893,131.6726138,17
1405,131.6758122,13
14298,131.6773092,9
10319,131.7368368,9
11335,131.7659016,13
11828,131.7819648,14
11404,131.8306176,12
7611,131.8533405,14
8416,131.8737474,10
11538,131.9105235,9
12101,132.1058213,16
12891,132.1461733,11
7005,132.153459,16
11158,132.1593535,16
11752,132.1639024,10
12117,132.2213067,12
12775,132.2853333,13
2582,132.325512,10
20009,132.4510412,11
9787,132.5448811,13
12981,132.5736283,11
859,132.6548865,14
11284,132.7290611,9
6645,132.8058736,13
1088,132.9337348,11
9173,132.9625675,16
11487,133.0322043,12
13762,133.0739407,13
5039,133.1093281,8
12696,133.1186368,14
5027,133.1241325,13
1279,133.1607012,13
1680,133.1883189,14
12410,133.228953,14
11426,133.2303489,13
7046,133.234281,8
8439,133.2435486,12
13025,133.3300598,9
11395,133.4228613,13
986,133.4889989,11
5677,133.4962617,13
3919,133.5441705,16
1025,133.5560011,13
10064,133.610566,12
4876,133.6402829,15
10155,133.6656156,4
12057,133.7270408,11
11758,133.754712,12
9347,133.7969837,8
8216,133.8008821,10
9748,133.8065551,10
3917,133.8163492,6
11493,133.8402553,14
6076,133.9992538,12
6343,134.0434756,13
10436,134.0984149,15
13282,134.1199713,5
1630,134.1636059,10
12165,134.1783397,9
7665,134.2628485,13
158,134.2755541,11
9304,134.3250522,11
650,134.3954051,13
7691,134.4219583,11
13486,134.5078975,7
7818,134.5453742,8
10006,134.6231564,11
7520,134.6574603,15
3580,134.6691524,8
5569,134.7161757,15
12685,135.0766668,10
12047,135.0966596,7
372,135.2002219,13
7885,135.2471341,13
634,135.3233199,13
13350,135.3244581,11
943,135.3400487,14
3650,135.4107247,7
681,135.4384125,11
13021,135.4631816,13
755,135.4697956,8
11511,135.5982375,8
14066,135.6718067,14
9606,135.7099194,15
5604,135.7276429,15
10689,135.7296006,14
11302,135.8813055,8
7642,135.9837127,10
12290,136.0766312,11
9975,136.145862,7
705,136.177762,15
1579,136.2073166,13
6041,136.2664723,12
1593,136.2749236,6
12076,136.3247681,13
8763,136.4532713,12
6668,136.4706725,18
5508,136.4832391,12
1160,136.5102906,14
12269,136.5538687,10
9215,136.5566544,10
11299,136.5566787,13
6338,136.8345768,15
10465,136.8509355,11
7610,136.8843669,10
11880,136.9029831,12
3024,136.9203628,13
6226,136.9215613,13
14630,136.9392201,8
1682,136.9610179,11
5083,136.9745833,14
20084,136.9944735,14
4877,137.0087763,11
5846,137.0718441,11
13064,137.2256026,6
8039,137.2729776,14
4976,137.2942057,9
6373,137.3235487,7
1343,137.3271639,14
11709,137.6243828,5
5887,137.6584127,15
8731,137.6772384,8
8212,137.7517797,11
8335,137.7911092,15
9583,137.8001,11
8328,137.820365,16
5974,137.8239681,13
4825,137.972274,9
4808,138.0134597,14
9433,138.0263366,16
2600,138.1134127,14
14530,138.1963029,15
11589,138.2221602,14
6144,138.2335628,11
8608,138.2635174,7
11667,138.3606945,9
12417,138.3687761,15
11356,138.3901579,15
2575,138.406347,12
13274,138.4340714,14
14278,138.4849072,7
5728,138.6590567,13
5588,138.735674,5
451,138.7364619,15
10283,138.7530091,14
13131,138.8787698,14
9248,138.9230079,13
9058,138.9452303,14
5689,139.0313797,12
13047,139.0388448,16
2561,139.0931859,10
1457,139.1383397,16
2163,139.1549663,15
921,139.1850935,13
3957,139.2639217,12
7008,139.3675139,8
626,139.3959965,9
13435,139.5260818,9
12883,139.5292941,17
7592,139.6493581,11
3096,139.6512332,14
11529,139.9492359,9
3970,139.9896258,13
1648,140.1089935,8
8158,140.1098632,11
12783,140.1316863,16
9434,140.1482179,13
10211,140.1694204,11
9352,140.1699249,19
9598,140.200075,13
13451,140.261623,13
3085,140.3161959,13
225,140.3652736,13
3163,140.4215378,15
10236,140.4458035,14
10769,140.5716729,10
10626,140.6136766,11
12979,140.6669109,10
5031,140.7005962,13
9274,140.8746524,14
1507,140.8824069,12
9493,141.1115629,14
11311,141.1534929,11
12697,141.1857423,8
2554,141.2131921,10
4021,141.262004,9
13303,141.2649825,6
797,141.3096104,15
5078,141.3744632,10
5525,141.4860935,15
3935,141.5699015,16
1470,141.580109,15
7621,141.744958,10
4850,141.8603524,14
11953,141.8752093,15
7822,141.8917058,15
13552,141.9155976,16
3535,141.9999087,13
6180,142.0059046,6
5905,142.0172082,14
14426,142.0736628,11
9529,142.0747319,12
11621,142.1292995,11
1237,142.1308665,13
11067,142.1759303,13
14708,142.2255551,11
6702,142.2850082,6
9703,142.3028579,11
6293,142.3815544,14
9350,142.3828565,10
4068,142.4013317,17
5570,142.5102792,10
6051,142.6317669,6
13805,142.8054053,10
7598,142.8627634,13
20100,142.9544332,12
8507,142.9681043,15
11662,143.1180805,12
5011,143.1645512,8
13416,143.1841961,10
3001,143.2493581,15
5748,143.2532687,12
13464,143.3570087,13
1783,143.3658637,14
9309,143.3694583,14
334,143.3762311,16
9977,143.4658642,11
11978,143.5222283,14
3794,143.5459835,17
5115,143.6009824,10
14027,143.6051434,8
9528,143.6245845,13
4946,143.6453677,13
13103,143.6871997,13
11834,143.749615,15
10118,143.7693715,13
8590,143.8077149,9
1153,143.963198,17
122,143.9656926,7
7780,144.1701056,12
13079,144.2518586,7
12050,144.2564332,14
8734,144.2875724,12
7757,144.4191261,16
3035,144.4524773,13
12084,144.4528023,14
13664,144.4539376,13
1359,144.516364,12
4746,144.5408221,14
12940,144.5897075,10
720,144.6302131,15
5620,144.6396491,16
11867,144.7054187,7
10302,144.7766491,10
1393,144.8524577,13
11930,144.8564802,15
8452,144.8799359,14
12051,145.0549559,16
14250,145.0873923,12
339,145.1611796,17
9174,145.2721808,11
10533,145.2989807,12
1042,145.3471865,8
8354,145.3678163,14
6675,145.5348299,14
851,145.5386542,9
2197,145.5639479,11
8683,145.5701079,6
7700,145.5770655,13
11769,145.8966055,15
13346,145.9028627,14
20011,145.973435,9
9786,145.9855738,14
1354,145.9981463,11
9005,146.0204108,14
13136,146.0988345,12
1114,146.1966565,16
4013,146.197105,14
1609,146.2056432,18
12661,146.2197007,11
1162,146.3807792,18
9088,146.4122502,15
13194,146.4304087,10
6360,146.5705191,14
12632,146.7593139,11
7964,146.8058062,10
12795,146.8129921,13
5062,146.8244074,10
910,146.9251826,11
10274,147.0205291,11
4548,147.1694432,17
12032,147.2764182,9
10575,147.3365422,15
1960,147.3706083,13
4032,147.4187516,15
7076,147.4478931,17
5552,147.5154927,17
14054,147.540052,13
690,147.5437102,17
407,147.5653162,13
11080,147.6216486,15
8175,147.6317589,13
14219,147.6449537,15
13843,147.7743341,24
1895,147.8172077,11
8155,147.8188918,16
735,147.8813577,12
13209,147.9321645,15
14104,147.9802785,21
1232,147.9945723,16
3846,148.0448099,5
7529,148.1234688,14
2207,148.1567233,13
11241,148.1680804,17
10611,148.2187292,17
14270,148.2253618,10
12277,148.283427,13
10323,148.3001806,14
82,148.503926,17
11777,148.5045806,15
14195,148.669251,13
13553,148.7022435,14
5157,148.7719636,16
1345,148.79443,15
9455,148.8725248,15
13624,148.8800167,11
3974,148.8997237,14
11827,148.9023407,13
6037,148.9624197,12
9694,149.0248077,18
1266,149.0702238,15
4898,149.1538487,14
13242,149.2087779,15
6225,149.2313953,17
11625,149.4156041,13
5100,149.4156582,18
3077,149.4732084,5
10054,149.6190533,15
4667,149.6293716,16
7071,149.631684,17
1823,149.6359813,15
10255,149.6829338,16
11960,149.8239997,8
9651,149.8350098,16
4944,150.0037677,13
1187,150.0150255,6
8134,150.260483,12
4879,150.3457784,14
1207,150.3699267,16
5112,150.5712128,12
9946,150.6497111,14
8252,150.6560913,16
6306,150.6609989,14
4942,150.7139634,12
11868,150.7361691,15
41,150.7878715,13
11154,150.8243693,13
12922,150.8878741,15
13078,150.9374264,16
5047,151.1097872,16
12453,151.1574926,12
6232,151.3376806,16
10514,151.3469939,14
6152,151.5346851,13
13348,151.7150189,14
8508,151.7665035,14
16,151.8342381,14
11467,151.8694188,11
11786,151.8885528,17
13554,151.8885528,17
347,151.9052311,8
13693,151.9272535,9
10334,151.9363223,10
20210,151.9537514,11
306,152.0995612,13
5070,152.1358592,14
3735,152.166487,13
368,152.1775104,14
7085,152.2561979,13
11439,152.3616957,17
11754,152.3637527,17
3691,152.3638826,14
12888,152.3744966,16
12790,152.4202327,6
9868,152.5078103,13
11055,152.5454656,21
13578,152.586722,19
7982,152.6363432,15
9862,152.6413183,11
2164,152.7225637,14
14139,152.7405577,12
10742,152.7825239,16
14436,152.8971219,12
9548,153.0214397,13
9727,153.0449138,15
20078,153.1889602,15
5926,153.2100196,14
5983,153.3406715,14
3891,153.3767653,18
1967,153.3860731,10
14864,153.5343984,17
8650,153.6440957,14
11163,153.7735545,14
7590,153.8620853,12
10147,153.8646675,12
922,153.9224658,15
4770,154.2246072,16
14881,154.2692638,16
13809,154.3511647,14
6696,154.5892533,15
6135,154.7585917,14
9065,154.7590162,18
11623,154.7744513,12
13810,154.7765917,13
11488,154.7967431,11
14875,155.003162,12
9192,155.1243635,15
1000,155.1251722,16
9887,155.1328232,10
10647,155.2600495,10
11661,155.4357788,13
14201,155.4550921,16
6085,155.6398061,17
12912,155.6429689,18
1202,155.6643531,14
5966,155.7492928,11
3247,155.8208454,9
9685,155.8303215,13
14809,155.8800057,15
11677,155.9463683,13
1900,155.9542929,8
1896,156.1078722,12
6273,156.1147219,13
11078,156.5653954,12
12108,156.589259,12
13090,156.6222929,11
14295,156.6900165,15
10392,156.7740342,5
2000,156.7744078,14
6402,156.829501,11
10491,156.8449521,16
675,156.8574329,8
7941,156.9055321,14
8752,156.9092872,12
5693,157.0154341,17
5682,157.2232236,7
8622,157.2351299,10
10786,157.263173,12
5984,157.3031094,11
8572,157.3798817,13
1070,157.5319092,9
9384,157.5719894,14
8663,157.6740703,13
9623,157.6817239,14
13225,157.736878,14
725,157.8678124,9
220,157.9222858,15
1576,157.9813048,9
14147,158.0116162,9
190,158.030248,15
4794,158.1128579,12
1666,158.1288965,14
1071,158.1457598,12
10634,158.210435,8
13145,158.2132768,13
12257,158.2476397,12
3941,158.2649166,8
7560,158.4152746,14
6075,158.4569732,12
14577,158.5414359,12
11368,158.6380088,14
5956,158.6441111,16
13772,158.6582328,14
543,158.663372,16
14795,158.6777194,15
11122,158.7261645,15
1186,158.7594086,13
1216,158.7594086,13
10754,158.7970872,15
8194,159.1035926,16
11053,159.1191486,16
5734,159.1710059,11
8569,159.2297426,13
7861,159.2428385,16
4947,159.3250583,16
3802,159.3594798,13
9480,159.3969633,11
7108,159.4151848,11
5773,159.4976551,8
8251,159.578563,14
6045,159.7152881,10
13711,159.792208,16
11258,159.9083553,13
12949,159.9544346,12
5603,160.0520924,9
1215,160.08215,17
10468,160.1469006,15
9488,160.2594717,17
10714,160.2699564,12
8717,160.2777711,14
14455,160.2963466,18
2583,160.3807868,13
3040,160.6092931,10
14251,160.6419947,13
1035,160.6635011,13
8002,160.7104975,12
6641,160.7913835,15
1551,160.8757958,15
12751,160.9230059,19
4896,161.2017121,15
2551,161.2191099,13
10776,161.3023343,8
1924,161.4533383,16
1812,161.4913669,20
10361,161.4932211,12
7694,161.5151649,16
6230,161.5677512,18
1976,161.6681017,8
13473,161.6767451,13
9671,161.762423,13
1280,161.7774646,13
13210,161.9633494,16
5642,162.0307055,16
11110,162.0864225,13
10097,162.1579861,14
14650,162.1592745,17
6644,162.3241219,15
5915,162.3755544,15
3916,162.4362183,16
10044,162.4957494,14
6126,162.5376441,13
1403,162.5448236,10
10240,162.6399146,9
6712,162.6719453,13
14343,162.6903294,12
753,162.7187883,15
3074,162.8023608,14
302,162.8652158,16
1941,162.8670562,17
3060,163.107358,12
3943,163.1228632,16
14589,163.135119,15
13790,163.2316728,13
3249,163.2432835,5
9448,163.3738257,10
9037,163.6646348,11
9336,163.8004999,14
9680,163.8284942,13
3845,163.8830219,9
5859,163.9052854,15
12137,164.0380772,14
3710,164.0600528,16
11533,164.0767379,17
7526,164.2672058,14
3649,164.3454382,14
10263,164.3921006,13
6484,164.469362,14
8667,164.4806245,10
10541,164.5235204,5
11599,164.5404156,20
10748,164.643742,7
11287,164.7727559,4
9956,164.903145,18
11032,165.0059101,14
6419,165.0854728,12
2100,165.1121593,8
11257,165.2091229,13
6309,165.2609334,16
3242,165.4249822,13
2078,165.4336832,14
9620,165.4861599,16
8177,165.5383152,11
10340,165.604365,15
3667,165.6649019,17
538,165.766027,10
14963,165.8515004,17
6697,165.8872131,14
8176,165.9337902,16
1199,165.9612982,14
9180,165.9945912,14
10351,166.1720368,10
5119,166.1893338,10
13345,166.3642114,20
13685,166.368596,17
6684,166.3984128,10
14309,166.4504951,5
14006,166.458234,17
1957,166.505931,10
7098,166.5085402,15
5592,166.5263781,16
13438,166.5856622,11
6594,166.6401907,15
3573,166.9300629,15
3954,167.0535293,12
6302,167.0537232,11
9984,167.097233,15
13526,167.3605876,15
6043,167.6661084,13
7072,167.744187,13
7974,167.8428488,14
9118,168.0325448,7
10069,168.0814643,17
32,168.1162415,15
2606,168.2593658,12
7100,168.2678228,8
361,168.3499442,16
843,168.3725717,10
6395,168.393298,10
10391,168.4221973,4
7037,168.4452621,13
5509,168.4639528,15
20093,168.5122715,14
12505,168.5379429,14
12930,168.6330041,11
13819,168.7028362,18
11251,168.7951904,14
10278,168.8596139,15
6580,168.8829067,12
665,169.1750809,12
3827,169.2633247,16
559,169.2848557,19
12869,169.333533,12
1696,169.3339694,15
4596,169.392807,11
10212,169.4182103,17
78,169.4456812,16
14254,169.55234,11
8815,169.6483868,19
375,169.7540723,15
3038,169.7569783,17
10409,169.9880116,16
10365,169.9910746,13
13160,170.2606951,11
13802,170.2909333,14
174,170.3014008,18
5057,170.5710087,16
10630,170.7183762,15
3967,170.8722763,20
10492,171.078547,17
7554,171.3060113,15
11263,171.3376063,12
14611,171.407516,17
12875,171.4155931,14
3791,171.6662129,17
5607,171.8496613,18
10458,171.9950531,14
10219,172.0710707,13
3910,172.1238738,18
10039,172.317052,16
8612,172.3786627,14
4619,172.6076481,14
11297,172.6379989,11
6549,172.7784842,14
7799,172.7854922,15
10413,172.8675019,10
6062,172.9101619,14
10008,172.9744118,18
11,173.002611,12
11654,173.0523237,15
13048,173.0576974,15
12127,173.2462096,19
1286,173.3004209,17
3127,173.3481476,16
473,173.3965384,13
521,173.4687403,15
631,173.5498668,16
3150,173.5638939,14
537,173.7169084,19
1966,173.7272871,16
13316,173.7438785,16
6263,173.7851085,15
6316,173.8130423,19
1052,173.8206469,16
11041,173.8612733,15
9001,173.867587,17
6628,173.8704622,14
11453,174.0005875,14
14670,174.2715891,15
11197,174.3056695,16
14064,174.3874735,16
11140,174.4747093,15
3913,174.4926462,18
824,174.5988526,16
20018,174.6098478,16
10498,174.6246328,12
9650,174.7287691,16
7029,174.7904502,19
11897,174.9022137,15
10783,175.0344105,12
3252,175.1801932,14
11853,175.1938754,17
10490,175.1985889,14
677,175.4785036,13
5580,175.5234517,14
9925,175.5601412,16
14068,175.5959419,16
1910,175.7140125,14
8584,175.7279191,18
10649,175.8302899,13
14369,175.9540588,15
8372,175.9909527,20
6068,176.0277415,15
13403,176.154496,15
1987,176.2150865,19
10228,176.2188001,15
679,176.3696606,13
10695,176.4462393,16
898,176.5402272,17
3522,176.5459112,10
13512,176.561768,14
12239,176.6049674,9
2190,176.6547936,16
784,176.709061,14
20228,176.7307028,12
14049,176.9435601,16
2080,176.9895399,14
9461,177.0216744,13
11339,177.2365517,19
5752,177.2790727,18
1516,177.3564218,3
13575,177.3967122,16
918,177.5031124,14
7658,177.5064307,13
8685,177.52027,13
8064,177.5989397,20
1781,177.6337438,12
175,177.8332014,6
13565,177.9385707,18
9169,177.9436878,16
5606,178.001948,13
3164,178.0322402,15
13626,178.2082976,17
7617,178.2514063,17
9198,178.3358167,20
5685,178.3987178,15
5531,178.4225856,20
3842,178.4274298,22
938,178.6103838,17
14656,178.7897917,15
10530,178.8450351,16
2586,178.8730787,21
4584,178.8753801,17
8281,179.0326944,15
13105,179.0435833,15
1315,179.0801344,22
14590,179.0946181,13
10676,179.1482058,11
5881,179.1543591,15
13205,179.1804483,16
3039,179.2130803,16
4589,179.240484,18
13710,179.3387218,18
8773,179.380084,19
4695,179.4264057,14
10335,179.5008752,15
12727,179.5211114,17
5971,179.7265419,12
7647,179.7675054,14
6058,179.9769618,15
728,180.1341731,11
7620,180.3362692,16
14608,180.4568447,15
2532,180.4743863,16
1801,180.5313592,20
10200,180.6555035,20
1975,180.6842162,13
14698,180.6928822,16
14823,180.7002094,15
13650,180.7876224,17
9692,180.7883695,18
10093,180.8430673,17
5821,180.9049052,10
5571,180.9085678,17
13643,180.9621552,15
6141,180.9952565,15
10624,181.0629181,9
1645,181.4209591,16
9109,181.4708782,16
1788,181.5181743,16
6380,181.5332027,18
7682,181.716877,8
7821,182.0983733,16
1116,182.1653633,18
10775,182.2511728,13
594,182.269894,15
9229,182.460645,13
9096,182.7679787,22
9471,183.0215477,13
13488,183.1385719,17
10082,183.2204824,16
5941,183.2647182,14
9101,183.3900335,20
13806,183.3916501,14
2570,183.5168437,15
13434,183.7035718,18
11227,183.8704366,18
1860,183.9010829,19
642,183.9010829,19
11308,183.9310105,15
14388,184.1016466,15
20017,184.2735425,17
9577,184.2776654,17
9098,184.3527535,20
5018,184.5171408,18
8617,184.6867617,21
8636,184.8662783,14
11659,185.0387351,15
14373,185.1197455,17
13135,185.2814817,15
9902,185.2954005,20
10272,185.4801513,17
8577,185.5043496,20
9097,185.5524497,20
10289,185.5584397,16
9386,185.6078804,12
10771,185.8384747,11
355,186.0516376,19
7677,186.1995117,18
10587,186.2276214,7
7859,186.4990699,17
10349,186.6251155,14
1402,186.6972482,15
5765,186.729468,16
12530,187.2313889,9
2179,187.4312972,15
5911,187.4600557,17
7009,187.7356315,11
11702,187.920067,15
5886,187.9307156,14
5063,188.0293827,21
7798,188.1293146,17
10557,188.3478071,18
4709,188.3586584,17
11651,188.4358104,21
6143,188.5039028,14
763,188.6409033,13
12539,188.6582961,17
9942,188.6958279,17
2505,188.8321956,17
5977,188.8493619,12
14087,188.9172299,16
22,188.9245886,16
1787,189.0661203,16
837,189.1024684,12
8341,189.2003712,14
9639,189.3522772,19
12064,189.4406442,20
13800,189.565118,18
1014,189.7144426,16
10674,189.7816878,12
8159,189.8202661,17
9395,189.8562583,13
8368,189.8832202,17
6123,190.0068435,14
11071,190.1183777,16
12448,190.147182,16
10036,190.2966297,24
14694,190.4392012,14
13820,190.5092814,14
4752,190.5589378,16
10434,190.5845684,14
2019,190.7633047,17
13180,190.9661857,17
194,191.1424824,14
575,191.1424824,14
1485,191.5722212,14
9100,191.639502,20
13142,191.7441077,19
13008,191.8470736,10
7688,191.9536108,13
1021,191.9884085,14
643,192.0769466,18
2560,192.1742131,11
1881,192.1911091,18
420,192.4562409,14
6423,192.4677214,8
8571,192.4947893,17
654,192.5529591,20
8755,192.5663645,10
12120,192.5988546,18
1214,192.7890921,18
9532,192.8427037,15
11889,192.9403364,18
7876,193.0278909,14
9114,193.0682349,9
571,193.1370733,7
9357,193.1663322,17
11136,193.2126407,14
6718,193.3749436,15
9833,193.5203081,17
10732,193.6935403,15
5501,193.9291232,13
10290,193.9630247,16
5774,194.0693045,23
5957,194.371557,16
20030,194.3997469,19
9894,194.4705908,15
12500,194.5531802,20
8178,194.7311704,14
10441,194.8256719,13
6553,194.8850401,14
7711,195.1154956,15
2205,195.2132712,12
12984,195.3618633,22
4534,195.3807926,12
14387,195.4276233,14
1171,195.4808169,16
6136,195.5420093,21
4991,195.6505495,17
10063,195.738274,16
9113,195.7534839,17
9751,195.8131416,19
1146,195.8356185,16
6617,196.0288976,16
11035,196.2440589,22
10578,196.2960911,14
11202,196.3036657,17
14807,196.3420894,11
337,196.382863,13
14079,196.6700336,12
8718,196.6972907,16
11515,196.7533131,17
551,196.9233419,13
11034,197.0298826,14
8488,197.0322871,13
2029,197.0695074,17
13352,197.1381121,17
3984,197.2748761,19
9524,197.3310054,17
23,197.4728643,17
8400,197.615757,15
857,197.7152664,15
5110,197.8724107,16
5755,197.9836816,16
2545,198.1905748,10
13193,198.2645097,19
10423,198.278352,9
13826,198.2973392,16
2562,198.3700078,12
5830,198.4061387,18
13235,198.4627809,15
13398,198.5927804,18
11761,198.744679,18
14255,198.8407913,8
11159,198.974564,18
11353,199.0236002,14
5611,199.1262385,15
11381,199.1310477,15
5702,199.3852454,7
13294,199.5006566,10
1321,199.5455385,19
10016,199.6990947,16
14973,199.7837244,16
8085,199.8330807,18
939,200.0041302,17
954,200.3254077,16
11762,200.3885046,17
2079,200.4551225,34
3523,200.6107596,14
11296,200.6429456,10
14620,200.8182287,10
10659,201.1109059,23
6363,201.1713013,24
3980,201.7441815,14
10022,201.7540334,18
14964,201.8602847,18
8544,201.8687523,17
5766,201.982384,14
14081,202.0446995,16
11891,202.1288022,17
7967,202.194498,10
7892,202.1966173,8
5534,202.4398649,16
2581,202.4524827,15
86,202.5623572,17
13828,202.6347276,19
4575,202.7723442,11
8425,202.8026194,17
4773,202.84228,14
10706,202.8745475,16
8174,203.0240576,17
11347,203.0611379,18
11684,203.0611379,18
1191,203.0769985,15
7077,203.082671,16
3920,203.269183,6
59,203.3765968,23
8228,203.4194158,16
6252,203.4662984,16
6728,203.4674661,21
13213,203.5176436,18
7795,203.5678972,17
8020,203.5969599,15
10550,203.6217007,12
5503,203.6387132,19
12813,203.6404848,17
3718,203.7129249,16
1553,203.7532766,16
7841,203.7681974,13
4002,203.8319363,14
1261,203.8930867,20
13459,203.9923681,15
10372,204.3416276,18
10058,204.4201144,18
10,204.4579322,18
12743,204.4982362,13
9717,204.5842902,11
13379,204.7243127,12
7849,204.7375286,16
10515,204.8760804,21
6066,205.1276547,17
2017,205.1435029,12
8105,205.239956,9
13309,205.2767846,16
914,205.3642529,21
11740,205.4327023,19
4874,205.7237989,20
8208,205.8161097,18
7082,206.2639003,17
5044,206.3900606,16
662,206.4854329,20
11689,206.7306905,20
8117,206.8731153,16
4796,206.9557973,15
9230,206.9914594,14
9813,207.009357,12
3179,207.0693938,25
7092,207.1573455,18
11230,207.1851424,15
1295,207.4170336,16
1046,207.521726,17
11204,207.6524615,15
12163,208.0711255,11
7870,208.137596,12
6515,208.2468741,21
8591,208.2999645,18
11663,208.4075471,15
712,208.7585423,26
8090,208.7895617,20
9099,208.83463,24
14129,208.8745181,18
6023,209.4682681,16
3141,209.6027341,11
10209,209.7032909,13
1828,209.7032909,13
6559,209.7121627,12
4967,209.7706296,19
14124,209.8975469,14
7572,210.0112275,16
8541,210.1204751,12
7806,210.2034525,12
7731,210.3256736,17
6184,210.6272743,16
5093,210.6720567,19
6570,211.046483,18
3692,211.1364301,17
5718,211.3935211,18
3709,211.7920704,14
12796,211.7965534,19
3586,211.8337655,15
1107,211.9099732,18
8422,212.0162811,22
10238,212.240947,16
5768,212.3166086,17
11825,212.3253262,16
10731,212.45835,18
1227,212.5059674,20
11375,212.5216275,22
10088,212.5409703,27
3031,212.5702234,20
207,212.7672629,19
3736,213.1680512,14
3215,213.1892527,13
12487,213.3724491,17
11348,213.5547403,17
6694,213.5845977,16
7119,213.7028143,18
4566,213.7043758,20
7699,213.7097164,12
218,213.7872012,19
366,213.8921408,15
176,214.162167,22
14252,214.2646425,9
7802,214.3213646,15
12177,214.7310849,14
14853,214.8519087,18
163,215.3245119,17
14386,215.5065441,14
13861,216.001884,19
14896,216.0059685,21
2183,216.0942292,19
5002,216.2723887,18
123,216.549904,19
6428,216.7980571,19
12446,216.8263696,22
12598,216.8431936,15
4845,216.898158,9
13069,217.0245123,17
20050,217.0507351,11
2085,217.1710469,16
8304,217.2663482,21
133,217.4916367,11
6113,217.8127542,17
9767,217.852664,25
9284,217.871026,13
14848,217.9729319,12
12071,218.184995,18
288,218.3179828,16
7587,218.4251827,21
6704,218.6431403,17
8469,218.7062753,15
1448,218.862203,5
6551,218.9706298,13
2091,219.2406761,17
4862,219.2532002,18
14076,219.2895943,7
12258,219.380829,17
13385,219.4566878,3
11128,219.4752874,20
9452,219.7954017,18
9102,220.2664546,22
9718,220.2921418,18
287,220.3174479,18
8634,220.4690498,18
12605,220.7759285,17
10702,220.8226205,16
9531,221.0651113,16
11950,221.1524548,14
10108,221.3411232,18
6249,221.5215028,18
12286,221.829377,18
1913,221.9229948,18
14341,222.013247,19
1217,222.6865534,14
8285,222.8548515,22
9936,222.8895227,18
4963,223.0051655,18
1722,223.1945588,13
10718,223.4005302,21
3527,223.9069677,22
7118,223.9429929,21
222,223.9573367,20
10709,224.0284122,19
1589,224.0729601,21
6389,224.2111658,22
6159,224.2210516,26
7819,224.2557327,17
9656,224.2753695,18
13283,224.628041,17
9796,224.7389419,16
13017,224.977255,12
4931,224.9807907,22
14338,225.0285219,16
2530,225.0719298,18
6480,225.4625484,24
14317,225.5999552,24
10450,225.9505576,14
3639,226.0170237,12
8103,226.3864949,20
9362,226.4245281,13
13821,226.9371349,17
821,226.9684665,19
11674,227.0527508,18
1252,227.1050322,20
11648,227.2282172,20
2589,227.2748954,16
13123,227.3534508,18
5701,227.4811759,27
1572,227.6468134,27
12513,227.687391,21
10285,227.8019965,21
6007,227.9179516,16
231,227.9432336,13
7914,227.9926186,15
13124,228.083057,13
13386,228.0945639,3
9686,228.1914047,18
9989,228.6421248,18
3015,228.7124578,16
2565,229.2169519,22
10781,229.7052236,15
6012,229.8494601,18
869,230.0995464,8
102,230.1060448,21
4948,230.2022747,20
14561,230.2897972,20
2057,230.5129222,16
11811,230.57724,16
14078,230.6520714,16
6603,230.7237801,20
6033,230.7409484,15
14790,230.747665,20
11462,230.753611,22
7036,230.7896135,21
1148,231.0508738,19
14483,231.0777193,23
11330,231.0794734,19
1082,231.1149725,14
4606,231.1841858,17
369,231.2554797,14
13632,231.3937648,15
1646,231.5332651,17
2609,231.5591844,17
3089,231.6003587,13
12793,231.6319496,18
5906,231.6730203,18
3876,231.872177,19
7511,231.9614126,21
12509,232.4001997,29
1075,232.6474876,17
14047,232.8457881,19
10176,233.0873334,20
357,233.1342683,16
20149,233.265256,16
2131,233.2761411,13
5981,233.441625,16
11285,233.518238,18
2579,233.8653254,16
11917,233.9722957,17
10195,234.0482809,21
9331,234.242473,16
4699,234.2934885,19
1747,234.6984181,19
9976,234.7868092,24
2204,235.0073727,23
7740,235.174864,18
4741,235.2661381,19
10180,235.465378,14
13029,235.5876373,16
14099,235.9777105,23
9443,236.0341975,16
5820,236.233837,21
13850,236.4264375,17
6356,236.4320033,22
6209,236.7206783,17
253,237.1186201,17
11643,237.1237097,19
13765,237.1521418,18
3049,237.3090931,16
20106,237.3118017,20
7981,237.4994338,18
10396,237.7610458,19
11981,238.0698179,13
8022,238.9319398,19
2571,239.1796531,22
499,239.3983633,23
13590,239.6457661,15
14334,240.3208917,13
10106,240.5457815,18
13190,240.5951447,11
8428,240.6193456,19
5942,240.6410854,21
12441,240.852459,17
2003,240.9663194,19
3608,241.3814058,20
24,241.5615417,22
13666,241.8613483,18
5927,241.9897714,17
5523,242.142566,18
12449,242.2137804,19
6399,242.2194905,17
12834,242.3794226,19
11059,242.4991231,16
12077,242.5932576,19
14859,242.6412434,18
9285,242.8310902,21
1326,242.8963037,12
3066,243.5802525,16
6275,243.646582,27
4815,243.7062671,14
12052,243.7841483,21
10483,244.0548315,17
20198,244.1374988,8
14847,244.31235,21
14390,244.6255312,19
5727,244.8924859,23
5521,245.1207822,17
4901,245.8506905,20
6228,246.0137672,14
6128,246.4193224,14
10136,246.5327359,10
10125,246.9281747,17
6583,247.4705279,17
3061,247.5069321,23
6299,248.1741834,23
5625,248.8037655,23
2108,248.9421418,18
20094,249.1787324,20
601,249.2110903,17
2005,249.2522095,17
4990,249.7933155,22
12870,249.8971034,18
5958,249.984267,20
1185,250.1898639,21
7086,250.2558019,27
8472,250.5511642,21
9330,250.6100998,21
836,250.7911617,24
6573,250.8411673,18
12871,250.8504197,21
12701,251.0873692,24
9825,251.2913151,23
4063,251.3845107,20
14352,251.4211624,18
4914,251.6933162,24
8237,252.9510019,16
13361,253.1541126,18
1784,253.2283518,17
1051,253.6913999,21
5012,253.7249692,20
6120,253.8761705,22
1770,254.2333521,14
13157,254.3403585,22
11315,254.3429718,31
1713,254.4962419,12
14457,254.5215194,18
3159,254.5588041,22
14559,254.7998587,13
9238,254.9027544,26
11361,255.3364416,18
11577,255.4443377,19
13085,255.6298126,19
3883,255.7094464,20
8102,255.7359124,18
9935,255.7540446,14
7760,255.9578523,19
11185,256.3726507,20
8653,256.6342803,20
1571,256.6805462,23
1128,256.6899125,17
2550,256.7125061,31
12931,256.7628112,20
10013,256.8449958,15
9604,257.3354712,20
9034,257.4272801,18
3759,257.6147727,18
1143,257.6157604,19
6470,257.699024,19
9722,257.825535,28
5777,258.9493238,16
3195,259.2596459,17
1655,259.3309078,18
14432,259.5747326,14
4897,259.6849479,18
3209,259.7399904,10
5572,259.8184754,17
6692,259.8893178,19
10074,259.9889457,20
1862,260.0579468,17
10722,260.4389662,12
8327,260.4827654,14
5995,260.6706075,16
5046,261.198755,24
1328,261.298204,20
8202,261.5912861,28
1816,261.7179677,8
9831,261.9689444,26
11301,262.12642,20
11246,262.7784652,22
12415,263.1186309,16
3840,263.2521945,12
14360,263.35319,28
10173,263.3572302,11
6652,263.5283079,16
541,264.2578328,10
9055,264.5020115,19
320,265.5697182,17
1121,265.7557379,15
8676,265.9362268,17
12063,266.1363052,19
6703,266.4332504,21
7102,266.5905245,23
10092,266.8070516,17
50,266.832642,25
1468,267.989847,8
5535,268.0481013,22
3679,268.394533,14
12489,268.4573677,15
11130,268.527233,29
11062,268.5470255,18
4693,268.5503689,17
9024,268.6104134,20
1707,268.7877509,19
7627,268.9386368,28
11818,269.0577104,18
12,269.3196885,22
14323,269.4620738,18
9880,269.7560999,16
6529,269.7710861,18
10721,270.1336189,24
7519,270.5638371,20
4708,270.6572524,22
3612,270.9678065,16
11145,271.1406978,17
12009,271.8082429,22
4736,271.8473161,23
1869,271.9906887,15
8073,273.0427578,22
1397,273.1686074,9
10267,273.4925014,21
6261,274.5677698,15
11894,274.7432502,16
1772,274.9970652,14
143,275.5654222,23
4707,275.6274463,20
1575,276.0637154,23
7104,276.7762661,30
12947,277.3929663,25
769,277.7365175,19
8705,278.373059,24
11742,278.3767323,18
14690,278.477589,24
13487,278.5818972,20
1584,279.5110759,21
6081,279.5110759,21
8526,279.929633,16
8816,281.9071211,15
6437,282.0057574,18
9103,282.2579845,26
11730,282.4915672,20
6100,283.1194845,20
6110,283.1972703,26
9464,283.2289519,15
10589,283.3099825,24
12625,283.7880481,19
13177,284.2165316,21
7088,284.4339096,19
13264,285.1794675,19
5697,286.4025235,19
7894,286.5589049,16
1192,286.9747593,21
8770,287.2250218,20
8332,287.4460794,15
9543,287.4850581,18
3971,288.192883,22
9392,288.214737,18
7084,288.2607041,26
9535,288.7862155,23
7509,289.0453693,15
1883,289.1301405,19
11792,289.2793907,18
5916,289.3233486,25
7820,289.8632778,27
8249,290.2757508,23
9105,290.3179156,24
1283,291.9109701,14
11902,291.9384622,17
12957,292.0584603,17
9104,292.1361257,27
11131,292.7667578,14
8066,293.5496136,19
11721,293.8208825,25
20083,293.973542,15
13304,294.1605966,22
980,294.4208853,21
10221,294.4713893,19
4880,296.6578668,24
13824,296.8943179,21
10433,297.1987267,25
2566,297.773226,19
14396,299.1843997,20
7932,299.5243912,17
4643,300.5929906,25
